#samplerate,133
pressure,flow,pip,peep,rr
157.66536427257137,,,,
150.36154674675888,,,,
155.647457719978,,,,
149.50185326681117,,,,
149.35665692267125,,,,
149.6930113459339,,,,
148.8710119233849,,,,
151.0824873382899,,,,
151.4501134144915,,,,
148.88030708945595,,,,
149.42015980208376,,,,
147.51919973693316,,,,
148.65190228526288,,,,
149.1930207186482,,,,
151.3032373509354,,,,
152.08302569326403,,,,
152.57983980500975,,,,
161.39326532239312,,,,
182.3592607195601,,,,
200.6687725029353,,,,
209.36485303996108,,,,
208.01861389353706,,,,
210.84153737743378,,,,
213.4912853576528,,,,
215.14748672014642,,,,
214.28138325050236,,,,
217.70574356183255,,,,
220.53723617075048,,,,
222.05254050892026,,,,
222.92376654567872,,,,
225.1310641532612,,,,
227.48138435845823,,,,
228.84004781448462,,,,
227.5915122521224,,,,
229.83892176730453,,,,
233.62263896093566,,,,
235.00690783785473,,,,
235.7249029568483,,,,
235.21197429126505,,,,
239.15957514488923,,,,
238.58909533072526,,,,
240.3354360145749,,,,
240.12487732326088,,,,
240.7227993337534,,,,
243.1577044233312,,,,
245.16634507058058,,,,
246.20637196672607,,,,
246.75981090860137,,,,
248.34343443975158,,,,
247.18120597927614,,,,
248.76776057299833,,,,
244.75944953729177,,,,
249.70666448291522,,,,
249.06549213881027,,,,
251.2527543451394,,,,
248.4860578456258,,,,
250.40885233334976,,,,
250.64819324378908,,,,
250.97183658672495,,,,
250.46017667614385,,,,
248.98538724412123,,,,
251.41131449752214,,,,
252.55472829769354,,,,
251.05795619267772,,,,
250.5463286328977,,,,
251.2345438834658,,,,
251.4936390697976,,,,
252.16505873195413,,,,
250.5545383674888,,,,
251.49889436339996,,,,
253.12328530317853,,,,
254.26884516465404,,,,
253.61301277780746,,,,
255.96154920725584,,,,
258.6485303473085,,,,
259.72955502038195,,,,
261.7758892848522,,,,
261.41996464022236,,,,
266.04257784842315,,,,
266.70504220404575,,,,
269.2464232556449,,,,
268.78340334306154,,,,
275.8056830070321,,,,
277.18724128621875,,,,
281.4462672162952,,,,
285.2580962599077,,,,
285.5965693593103,,,,
290.799493306015,,,,
294.1527132150398,,,,
297.06253204025575,,,,
302.8475127802867,,,,
305.9672299930713,,,,
312.1642685737686,,,,
316.2179651560691,,,,
317.64462959191684,,,,
322.99109565456297,,,,
326.69184531436423,,,,
333.6847745978274,,,,
336.55416922103115,,,,
340.92096163953033,,,,
346.23860344937873,,,,
350.83272975423205,,,,
355.1459200509206,,,,
359.3459413921438,,,,
364.6206128051718,,,,
365.59159322775145,,,,
367.8090603547914,,,,
371.73598920966754,,,,
377.1932872665435,,,,
379.5315292432194,,,,
381.39848632508637,,,,
383.80690130017445,,,,
386.0882805560779,,,,
386.62462439704416,,,,
387.1927412583275,,,,
387.1052800160123,,,,
385.264080340999,,,,
375.5828841078207,,,,
352.8574732256652,,,,
287.8869404532361,,,,
246.76471120995316,,,,
235.49036596510052,,,,
227.31538906621626,,,,
224.35633827450596,,,,
218.16689799640992,,,,
210.75051115448008,,,,
204.61936782915396,,,,
199.8262450898749,,,,
197.92544772149355,,,,
192.84243458486083,,,,
190.2900156541781,,,,
185.95647213061073,,,,
185.764755225898,,,,
183.29694860303434,,,,
177.24272449867496,,,,
175.34294044018003,,,,
174.24438579234206,,,,
171.9388828472934,,,,
167.96275209972433,,,,
168.12691819877358,,,,
165.44991404137755,,,,
165.64365780009746,,,,
164.49662142347188,,,,
162.53090100322063,,,,
162.05231474265557,,,,
159.31110610448417,,,,
160.76354477036097,,,,
159.82604541442265,,,,
160.76516184969768,,,,
160.1904490300606,,,,
158.9134809009749,,,,
159.8123410196824,,,,
159.75562317520016,,,,
160.1081720897035,,,,
161.06626525099085,,,,
159.25650708508164,,,,
158.54561634375432,,,,
159.3879427314959,,,,
158.580087145017,,,,
162.88741747564976,,,,
159.70274729063274,,,,
158.34458831578928,,,,
162.07903116136697,,,,
159.7718596574255,,,,
160.36229766526068,,,,
159.16843256231084,,,,
160.54873240936632,,,,
158.9621546444717,,,,
159.9728509722011,,,,
160.50970715252086,,,,
158.91444182262998,,,,
160.4462121916841,,,,
158.23132107465125,,,,
154.24654248002636,,,,
155.5312605155842,,,,
155.4877588235777,,,,
155.58328313060863,,,,
154.72221003352982,,,,
153.5546529950298,,,,
153.98388900766582,,,,
157.3237224650795,,,,
155.0189141969071,,,,
154.0860761324746,,,,
153.6801897276583,,,,
152.58897776313415,,,,
150.91935880629896,,,,
151.24194851532795,,,,
153.62947181508557,,,,
152.02875218725762,,,,
152.59346908661183,,,,
151.61600607822848,,,,
150.28661959455536,,,,
151.51882027845693,,,,
149.4539253292039,,,,
149.5386090637507,,,,
148.18795572423966,,,,
149.34829412742093,,,,
149.40462370690827,,,,
148.2166127570647,,,,
150.53344841883873,,,,
151.6672400321327,,,,
150.50227371862778,,,,
152.00898646446467,,,,
156.29653477116815,,,,
165.59957857882355,,,,
183.68857830965575,,,,
200.23355412760563,,,,
203.47431061546462,,,,
207.8055854522192,,,,
209.7216166851008,,,,
213.3919326254572,,,,
215.7415745300961,,,,
216.2804862159039,,,,
218.43257011007765,,,,
218.5866269270891,,,,
220.9450656266097,,,,
223.79980426504085,,,,
226.27661938927582,,,,
225.84583964183867,,,,
226.3901349004066,,,,
227.0532633025765,,,,
230.39608745404206,,,,
232.47523305858493,,,,
231.5205526384128,,,,
236.53700976631313,,,,
235.82836197183784,,,,
236.75041785739896,,,,
237.77149189203877,,,,
239.66064357035523,,,,
239.67474529470326,,,,
242.2572505369284,,,,
241.7572301870046,,,,
241.8526709818862,,,,
245.79187503264268,,,,
244.97587651001712,,,,
244.49860922861174,,,,
247.42498531799777,,,,
247.4421508279287,,,,
248.006817117716,,,,
248.85254456364345,,,,
250.20979367169042,,,,
249.3099882202619,,,,
250.49786728651245,,,,
251.32331662332922,,,,
250.20640382591816,,,,
250.29587640278507,,,,
251.33174765808923,,,,
250.7645422446416,,,,
251.80641599158588,,,,
250.2717561233286,,,,
253.02246362450586,,,,
254.62438104313318,,,,
253.52663733114866,,,,
252.99688765127283,,,,
251.03247801788686,,,,
253.4405767012304,,,,
255.8291490587186,,,,
256.3312462390843,,,,
251.52800604254352,,,,
254.07107597671663,,,,
256.1585087163575,,,,
256.66103802559195,,,,
258.59634881180875,,,,
260.4374983234004,,,,
264.2461695727347,,,,
266.38397836461223,,,,
266.3486428655606,,,,
269.2014386661592,,,,
272.52791368672496,,,,
276.5885624289659,,,,
277.12007781311405,,,,
279.66968639707966,,,,
285.77548683099224,,,,
287.48669698391274,,,,
288.9142154949053,,,,
296.6298404608858,,,,
298.9538806010665,,,,
303.561347040682,,,,
307.981652556933,,,,
311.11533901374247,,,,
314.71804118423705,,,,
320.67164549477474,,,,
325.5868495783107,,,,
329.9638258635548,,,,
331.9514965622672,,,,
337.5592890539824,,,,
343.36607754427126,,,,
347.21639460302987,,,,
353.3028990711794,,,,
354.7451977208318,,,,
360.7149425685372,,,,
363.5485874419329,,,,
369.12147647509124,,,,
372.4358108088959,,,,
375.8752355803138,,,,
379.0167849025262,,,,
381.5177893826767,,,,
383.26477540114763,,,,
385.69457678293656,,,,
385.3297872503144,,,,
387.60117990400704,,,,
386.96392711095064,,,,
385.99282998094253,,,,
381.9718325058417,,,,
375.8008167857376,,,,
340.73596019783537,,,,
274.4410304119558,,,,
243.57750835058786,,,,
231.8431625851743,,,,
227.55079876914635,,,,
223.39225886500657,,,,
214.91542863243637,,,,
209.23586578538354,,,,
203.65354432222531,,,,
197.25414835691015,,,,
194.7372872201626,,,,
191.8802932654594,,,,
189.04218432855112,,,,
186.92451252531842,,,,
182.0885613203664,,,,
181.81610239585476,,,,
175.82260647680778,,,,
174.23467686020456,,,,
171.57343830683672,,,,
170.70257520841284,,,,
170.41009054108443,,,,
169.58843003224365,,,,
166.05026701584563,,,,
165.9843959962433,,,,
163.8576439823699,,,,
163.77334433206875,,,,
161.0091182729504,,,,
160.69564626106785,,,,
161.32763742516903,,,,
160.06720166687606,,,,
161.68190605083356,,,,
161.0707495807717,,,,
162.2138846233336,,,,
156.93868644863164,,,,
159.03155150061244,,,,
158.52196852029627,,,,
158.49634711721723,,,,
158.57049902928807,,,,
159.58935681977613,,,,
158.9758856439523,,,,
160.29539830357206,,,,
158.45107156583998,,,,
158.4597593233994,,,,
159.41916360416567,,,,
159.1632743258447,,,,
158.95054575418962,,,,
157.53431276886727,,,,
159.15285244426383,,,,
160.22598637141266,,,,
159.20710201216934,,,,
160.91497140836196,,,,
159.18312093821652,,,,
159.1938397008555,,,,
160.80925006939316,,,,
159.3445886322775,,,,
158.16467224065718,,,,
156.71527061904578,,,,
158.21643739205498,,,,
158.30971051317917,,,,
155.70834679022968,,,,
156.69887100242306,,,,
156.2230135692789,,,,
153.6980728321262,,,,
154.8327065850162,,,,
153.2794329978603,,,,
153.40611885593606,,,,
152.5486152961128,,,,
152.6241887768951,,,,
152.62225548026785,,,,
149.57077415882395,,,,
153.59712001016553,,,,
150.92527052155611,,,,
148.86056903393225,,,,
153.3198605155743,,,,
150.0445718173011,,,,
150.17940712807427,,,,
148.91819205211033,,,,
147.79003391278587,,,,
149.781641388645,,,,
150.62045773346946,,,,
150.07930284673182,,,,
148.5658018159535,,,,
150.14397459530673,,,,
150.4350132265696,,,,
151.29833411264323,,,,
154.86970350216268,,,,
163.06475062859423,,,,
180.39893514080347,,,,
198.75553078414345,,,,
209.16584242567652,,,,
209.57240664738657,,,,
209.6352179024891,,,,
213.85203643535803,,,,
213.05833087416394,,,,
215.28441548805066,,,,
219.14369032805666,,,,
220.4939771006548,,,,
221.14708540682386,,,,
222.90771165524674,,,,
226.95988667397336,,,,
228.963151831544,,,,
229.81999969134577,,,,
230.46010097469735,,,,
232.19197653682326,,,,
233.22149941160896,,,,
234.6068396136984,,,,
232.2914551094063,,,,
239.43932667224902,,,,
238.76956490875432,,,,
240.03376520573485,,,,
242.0416533430365,,,,
242.51226869219485,,,,
241.76122811085585,,,,
244.46763429062636,,,,
244.84128134009745,,,,
244.28285636958364,,,,
246.46237002544336,,,,
248.37087572248333,,,,
249.1390041597899,,,,
249.0713505660614,,,,
250.0317536538815,,,,
250.66379457763975,,,,
249.1456129375572,,,,
249.9946752690113,,,,
251.91477850878496,,,,
253.93340080703672,,,,
252.4034947906365,,,,
249.57415059633738,,,,
251.519311801233,,,,
251.86075275547628,,,,
253.3057355653391,,,,
251.2301807978683,,,,
252.91681377398123,,,,
254.37431595562262,,,,
252.90457481665862,,,,
255.0431903551569,,,,
252.12768483608136,,,,
252.5488861306679,,,,
252.88243739319606,,,,
252.99475091788744,,,,
251.74495495703513,,,,
254.95162058669223,,,,
256.0927311665577,,,,
257.46465570526163,,,,
257.62915323395885,,,,
260.2728823892616,,,,
260.8242485663462,,,,
265.19239830086076,,,,
267.260816562354,,,,
269.0889892145203,,,,
271.7317292243111,,,,
276.1033241774705,,,,
277.210573673727,,,,
279.79986149387395,,,,
282.9048668045254,,,,
287.5664024283898,,,,
291.84100490624337,,,,
294.3884260164407,,,,
297.91491832438453,,,,
301.74349688252835,,,,
307.935236441989,,,,
311.0811622992425,,,,
316.72227606247145,,,,
322.524716028605,,,,
323.6023439157127,,,,
329.96026057894136,,,,
333.70232040668947,,,,
337.5776109578238,,,,
341.49243486904385,,,,
348.14910265385606,,,,
351.4479705656578,,,,
356.087606204353,,,,
360.809071681806,,,,
364.4826296490562,,,,
369.4369127944705,,,,
373.435174994663,,,,
373.66228182437465,,,,
378.5562285958371,,,,
381.8298646580271,,,,
385.7050847735571,,,,
386.27106599957284,,,,
388.6251009868912,,,,
387.1845437144049,,,,
389.9830101355555,,,,
390.4537722924169,,,,
385.0226118534304,,,,
378.9205548278721,,,,
356.68359163893075,,,,
297.70868262159865,,,,
249.34358860469686,,,,
233.94218327516342,,,,
225.73256644868377,,,,
222.51457667474696,,,,
219.4959682368782,,,,
217.22433643743352,,,,
206.23715856408413,,,,
203.6079950608145,,,,
197.93894132018846,,,,
192.52657120317943,,,,
189.09165211184322,,,,
185.42120111403335,,,,
183.7516397013953,,,,
177.94707936266548,,,,
174.40907432453162,,,,
173.981742177835,,,,
175.63906017254277,,,,
172.28150958164292,,,,
171.04843664397885,,,,
167.10496951342853,,,,
164.59912917011212,,,,
163.1992350231238,,,,
166.33776985446463,,,,
163.52750872773152,,,,
162.89054310818258,,,,
161.79595757103183,,,,
161.58635751374916,,,,
161.55618092758903,,,,
162.16090291015803,,,,
158.51555050387645,,,,
158.74817847372347,,,,
156.49503002728642,,,,
158.72925046388116,,,,
159.52254480334096,,,,
158.05031963531246,,,,
157.27328868000538,,,,
158.0229840105841,,,,
160.76367069579896,,,,
160.14572077240206,,,,
160.75171864983415,,,,
164.52158604133612,,,,
160.40917518164983,,,,
160.78423402793362,,,,
157.2701791130676,,,,
159.93277965545627,,,,
160.03138469399877,,,,
159.277257006148,,,,
160.62909425261336,,,,
160.57374585579197,,,,
160.0859984624988,,,,
158.9672859422611,,,,
159.60002881235783,,,,
159.5421810313708,,,,
159.33841089183187,,,,
157.4720153608279,,,,
157.34465749628748,,,,
158.8230584570054,,,,
159.377456634572,,,,
156.18891479036557,,,,
156.7364470167022,,,,
156.14533494143612,,,,
154.51251920786325,,,,
154.00437524222588,,,,
154.63045325630677,,,,
154.46572999650076,,,,
154.46180389291973,,,,
154.61616142193006,,,,
152.56263488961352,,,,
153.0388986030995,,,,
150.56070421561355,,,,
151.1982257157986,,,,
150.85035917913592,,,,
149.14856827705864,,,,
150.62967933146788,,,,
149.6785753486736,,,,
151.42819003299908,,,,
150.23729095617898,,,,
148.491533860335,,,,
148.67818053670769,,,,
148.69498400900576,,,,
151.68703181073548,,,,
150.9519761244716,,,,
151.5298283354386,,,,
155.2863188124751,,,,
163.8400955017408,,,,
179.75694534673949,,,,
199.2057333510036,,,,
207.51501432197836,,,,
206.77639188896106,,,,
212.51141448794425,,,,
212.9522449167134,,,,
217.4624042456458,,,,
216.04066158585152,,,,
217.07180521312236,,,,
217.99863098073743,,,,
222.63788335480277,,,,
221.99353200671308,,,,
224.05500923705605,,,,
227.35970525184743,,,,
228.27650760270654,,,,
230.75667070067078,,,,
232.51947491049978,,,,
231.86172235204438,,,,
231.30645170491877,,,,
234.22034320621933,,,,
237.1270824402261,,,,
238.00481080328734,,,,
240.45761658441424,,,,
242.64930371185943,,,,
240.9776781225261,,,,
241.16985860408516,,,,
241.28853632958786,,,,
245.81155119009435,,,,
248.66161766711542,,,,
245.6258443147013,,,,
249.76993647488635,,,,
250.15554034020346,,,,
248.55055639204892,,,,
248.74942456994182,,,,
249.4803012101348,,,,
250.33159927669973,,,,
251.0809376637014,,,,
249.99854893203454,,,,
252.23824777515176,,,,
251.4491761941876,,,,
251.66406111710882,,,,
251.22992770792675,,,,
252.1442229082559,,,,
253.03327064447356,,,,
252.61808593729572,,,,
253.56225249431654,,,,
250.97966853285973,,,,
251.88716627419856,,,,
249.3181130779273,,,,
251.3830088781885,,,,
252.18294335956512,,,,
252.63072111309862,,,,
252.97306456828434,,,,
253.86602244771208,,,,
253.50756925625598,,,,
254.76436223642355,,,,
255.6025857344754,,,,
257.07111485563473,,,,
261.7965191553521,,,,
259.8104225115149,,,,
264.00905679670524,,,,
265.83940863988596,,,,
270.6002920641928,,,,
271.1674169631323,,,,
276.87069673188716,,,,
277.1489944088299,,,,
282.1332888065026,,,,
286.3703026016623,,,,
286.371904953066,,,,
290.9883614466925,,,,
294.05063312606876,,,,
298.19753356122925,,,,
301.3920958504465,,,,
307.40628186510196,,,,
310.2906386893338,,,,
315.91314510768996,,,,
320.0711509028548,,,,
324.68719842194633,,,,
330.98172156117226,,,,
336.4026572210226,,,,
338.6016748809772,,,,
346.2530407764763,,,,
349.80298423366605,,,,
354.4190240049647,,,,
357.7111287323375,,,,
358.9565326863555,,,,
364.6468484905062,,,,
368.51081171268294,,,,
371.9114712714801,,,,
375.39581687092226,,,,
378.24103467805884,,,,
382.1374181396129,,,,
382.9392261009195,,,,
384.67135402074064,,,,
386.970270857663,,,,
386.0296349010085,,,,
384.63961230082515,,,,
387.36537162242814,,,,
380.9824726766187,,,,
367.9403287314052,,,,
323.88905821024764,,,,
262.5488232253649,,,,
239.50021490419863,,,,
229.48203219197336,,,,
224.84702871031783,,,,
217.53883543571527,,,,
213.93061180540198,,,,
208.99402513456516,,,,
203.96216836096042,,,,
201.85890743241703,,,,
196.15787795956112,,,,
192.17291324102987,,,,
188.42148669995706,,,,
185.9932249436027,,,,
180.01309275559953,,,,
177.25423529372736,,,,
174.8942090695247,,,,
173.15962466312013,,,,
173.09705307642017,,,,
169.775280796773,,,,
169.71626320980542,,,,
167.0741530728212,,,,
167.68367403383985,,,,
164.5686232947707,,,,
165.54321992572594,,,,
163.99621692129114,,,,
160.2384709620103,,,,
162.5720612708378,,,,
160.37111676637565,,,,
158.44419766801155,,,,
158.9430279455146,,,,
158.5739600931019,,,,
156.62752378215978,,,,
158.1079928881291,,,,
156.12233417385153,,,,
158.1468908797802,,,,
161.0140148921383,,,,
162.34194945107959,,,,
159.76057507433575,,,,
157.06084596261366,,,,
155.94580517722346,,,,
159.06780171944308,,,,
158.3177240422848,,,,
159.91878508934371,,,,
162.46121835134986,,,,
160.7966705345473,,,,
160.82527955853692,,,,
158.92671160359976,,,,
160.33594614732752,,,,
160.6410785201498,,,,
159.08673219419148,,,,
158.24556815121142,,,,
158.72593292988518,,,,
157.68386026318765,,,,
157.38869030359018,,,,
158.3281515236151,,,,
158.68869450747312,,,,
156.53255578640906,,,,
159.69890409142823,,,,
156.27270479864285,,,,
153.30415025499056,,,,
156.12362630013214,,,,
153.824886674424,,,,
155.35413782342417,,,,
155.61015732324213,,,,
153.73353613426377,,,,
152.15098080490802,,,,
150.65547090794547,,,,
152.41793990194256,,,,
151.56435837871487,,,,
151.19814970488233,,,,
150.1778163976554,,,,
150.09121288647606,,,,
149.52073513129756,,,,
149.5142191182146,,,,
150.25199843683293,,,,
149.69075522696735,,,,
151.48474130538818,,,,
150.9689471499742,,,,
148.71585068075592,,,,
149.17341092545226,,,,
147.2761089736131,,,,
149.48335188279626,,,,
151.1373693563156,,,,
152.68399125662336,,,,
155.75443340483486,,,,
165.5973952981407,,,,
183.28889769817877,,,,
201.20777073873975,,,,
204.12026956167273,,,,
207.6770021251779,,,,
212.29127115867715,,,,
215.35612891194668,,,,
216.49903419957622,,,,
217.469900478509,,,,
219.55096814268742,,,,
222.7818079604549,,,,
221.75263614402073,,,,
222.38175694404376,,,,
224.41553167161587,,,,
226.8894366552043,,,,
229.94715635803632,,,,
227.83442359064867,,,,
229.45851487530618,,,,
230.56402683689964,,,,
231.35870060805107,,,,
235.8262919983308,,,,
236.59039838171873,,,,
238.0045090845553,,,,
237.78236297869267,,,,
239.67525998078568,,,,
240.18687430634407,,,,
242.34363301071383,,,,
243.07826058493126,,,,
244.38696938438838,,,,
243.497170162237,,,,
246.34697272291402,,,,
250.54013589793036,,,,
247.00164525940494,,,,
249.70726813710422,,,,
251.65451807712782,,,,
248.00099630769435,,,,
247.5416662437689,,,,
250.64443008463883,,,,
250.10463461971958,,,,
251.44791715469762,,,,
251.59748264048955,,,,
251.3017919874045,,,,
252.9741057149887,,,,
251.3938066719958,,,,
253.0209713575714,,,,
252.59538345946123,,,,
248.9819451096446,,,,
251.7506387184311,,,,
252.10045560098018,,,,
252.11835792192508,,,,
254.51802035397273,,,,
251.2008923833984,,,,
253.64066056351228,,,,
253.57233182921942,,,,
253.99890314314297,,,,
256.385544562825,,,,
256.2244326948743,,,,
258.3902992509548,,,,
257.8461710007204,,,,
263.4948864973276,,,,
263.02726542521594,,,,
261.20843687059084,,,,
268.23348953970293,,,,
271.03494908895743,,,,
273.1889984200753,,,,
279.7796884463603,,,,
280.05640324529753,,,,
280.6557964332017,,,,
285.59311264774277,,,,
289.0013623166719,,,,
290.64398951004955,,,,
299.0792765666666,,,,
302.4781024253152,,,,
305.17979153901035,,,,
309.77750340306056,,,,
314.3982972489292,,,,
319.5550355017379,,,,
319.73744894656784,,,,
326.07663713258086,,,,
331.634482758629,,,,
339.8359996213685,,,,
342.0907889212515,,,,
346.2109743006625,,,,
351.8192698595301,,,,
354.5920988914669,,,,
360.8287526979216,,,,
366.3570902379025,,,,
367.00221414267037,,,,
370.9806487175276,,,,
369.0209992647814,,,,
368.26232855737146,,,,
322.79199011438214,,,,
225.71201008486392,,,,
102.38294424662507,,,,
81.86640236015522,,,,
75.91341730430588,,,,
77.20478357510535,,,,
76.34736167981688,,,,
77.24899044087746,,,,
75.83496883131673,,,,
74.56331495551352,,,,
74.73337066111833,,,,
73.51883244388522,,,,
75.03029535984143,,,,
77.79368406287307,,,,
76.37139264469498,,,,
75.39803780379621,,,,
70.66831388011806,,,,
65.33781288088632,,,,
65.65967692266916,,,,
64.21207813236661,,,,
63.55357606858072,,,,
63.17265621218174,,,,
64.3464132463627,,,,
62.87355157409426,,,,
64.06194433126424,,,,
62.806195629142415,,,,
61.97558080158666,,,,
63.10171038099508,,,,
61.92772429961745,,,,
61.5905330052554,,,,
62.318973345554866,,,,
62.501819055276066,,,,
62.17403140416128,,,,
61.9406122066941,,,,
61.030224443244286,,,,
62.00176707292186,,,,
62.83439181493906,,,,
60.95743216665168,,,,
62.80186084044245,,,,
60.81139210722077,,,,
61.37180504230192,,,,
60.88557945364918,,,,
62.114282375274016,,,,
60.17318291850245,,,,
63.334527662513715,,,,
60.590756634768354,,,,
61.314230375603955,,,,
60.80650820857724,,,,
59.427801924843955,,,,
60.861761490503845,,,,
61.02725011832706,,,,
58.91908862887192,,,,
61.11269327350292,,,,
62.37390206441591,,,,
60.87453288998982,,,,
60.926282693211945,,,,
60.046550169777376,,,,
59.89281143896364,,,,
60.2520861080303,,,,
61.75034601058154,,,,
60.396248499288674,,,,
59.88719949676983,,,,
60.03019690777767,,,,
60.44110046746264,,,,
60.5270732749158,,,,
60.75335208648769,,,,
60.79634041133269,,,,
58.88795183481085,,,,
61.35926102751988,,,,
60.205111841404985,,,,
60.068165584587526,,,,
59.1268333490888,,,,
62.14054256402599,,,,
60.77845562181755,,,,
60.592636494361486,,,,
60.32696904968585,,,,
60.08292866854777,,,,
59.98166898786996,,,,
61.47690377531215,,,,
60.36937085185156,,,,
60.03477640894302,,,,
60.1928810180124,,,,
61.0723749387991,,,,
60.216910003955206,,,,
60.02014969927336,,,,
59.84842224082954,,,,
60.29573211626859,,,,
59.18786612785491,,,,
60.558330659512,,,,
60.10684128420984,,,,
61.81339703434234,,,,
60.99260052114382,,,,
60.688698116544906,,,,
61.12365630830163,,,,
60.366309161929024,,,,
59.61940037598539,,,,
61.20590216744889,,,,
60.670045348787994,,,,
59.87951961343436,,,,
61.96116940715758,,,,
63.92228998074845,,,,
63.20362013710834,,,,
65.57186759307912,,,,
63.63727855993947,,,,
63.387160095702015,,,,
64.62197895110411,,,,
64.10213034454608,,,,
67.02329261417563,,,,
65.81302524462504,,,,
66.02909036089532,,,,
65.2853446166434,,,,
65.62659428086471,,,,
64.94735120828891,,,,
67.3775393480361,,,,
64.73936018798065,,,,
65.2343747149789,,,,
66.33692406040852,,,,
65.43426701969533,,,,
64.95674557634544,,,,
66.16405146609435,,,,
67.75613363141444,,,,
64.99276545699259,,,,
65.12192541825515,,,,
67.0567951595081,,,,
66.6937346423242,,,,
66.56794197898843,,,,
65.7942962761922,,,,
66.4984684396392,,,,
66.1332974693322,,,,
66.10717440456222,,,,
63.35084539255807,,,,
64.95150070991826,,,,
68.7054648013875,,,,
65.62619444333139,,,,
64.6475237769416,,,,
66.24367315681084,,,,
64.99129095269586,,,,
65.33833956557626,,,,
66.81151642113075,,,,
66.91090314230846,,,,
67.66446926204884,,,,
68.57752271655592,,,,
66.75616087583387,,,,
66.43134984208848,,,,
63.30900985697032,,,,
70.01795018666994,,,,
65.49505561034383,,,,
67.43949280611933,,,,
68.54547106032351,,,,
64.70107689137198,,,,
65.97672475044038,,,,
65.40115385214548,,,,
66.64500597599388,,,,
66.3147843854059,,,,
64.28583334212507,,,,
68.70118439616816,,,,
67.9425242795957,,,,
66.70823901238377,,,,
66.06669355977965,,,,
66.0548807263492,,,,
66.80043563912953,,,,
66.65318781188512,,,,
66.35708556758512,,,,
68.7272625706711,,,,
67.52923833964398,,,,
66.19172352628418,,,,
66.9727793664124,,,,
66.77199049373999,,,,
67.61749621025386,,,,
68.56481692519993,,,,
66.73461978395808,,,,
67.4981670999693,,,,
69.73334846660418,,,,
68.32079908547152,,,,
68.5723976132716,,,,
67.75243509127323,,,,
70.26364219959751,,,,
67.50259638790988,,,,
68.21685343799227,,,,
71.86743795522099,,,,
67.95555788561134,,,,
70.9565723224793,,,,
71.10437372467212,,,,
71.13510118668697,,,,
70.47779414672458,,,,
70.88338815568373,,,,
69.97230558782023,,,,
71.93030664891508,,,,
71.44205649061321,,,,
69.45256080310847,,,,
72.25724351401982,,,,
69.98963642381455,,,,
73.096308418621,,,,
73.22434783967554,,,,
71.10397082932157,,,,
73.67262165069963,,,,
73.45542011698464,,,,
72.74246581081815,,,,
72.73899173628747,,,,
72.7194988699834,,,,
71.77273276084436,,,,
72.17132729115708,,,,
76.28672473773968,,,,
73.13308694168255,,,,
73.94427672196763,,,,
75.3563815968087,,,,
74.2200593388571,,,,
75.08195016254396,,,,
73.74767206798685,,,,
75.53886580303363,,,,
72.5979047413833,,,,
77.39335818282531,,,,
75.64711910415997,,,,
73.01835664175147,,,,
76.2893099799625,,,,
74.28998667707643,,,,
76.74607976898447,,,,
76.06190227577221,,,,
78.70046873419885,,,,
72.48754395431027,,,,
75.45290305814432,,,,
77.06694176252859,,,,
74.09899936897473,,,,
77.46778741699133,,,,
72.7367409287246,,,,
72.80575613591674,,,,
71.40024569625027,,,,
65.59171298947932,,,,
65.40422693849565,,,,
64.05743750299612,,,,
64.35226595668554,,,,
64.06656347751726,,,,
63.46481920293209,,,,
63.67032330756582,,,,
62.96201025499935,,,,
62.3021254328516,,,,
62.57015243760791,,,,
61.8312540575354,,,,
63.3612352377848,,,,
62.131895433521144,,,,
63.75968848744709,,,,
62.62208962751651,,,,
61.36658274927774,,,,
61.44653646379721,,,,
60.35597672796875,,,,
61.10643495322878,,,,
61.04450161110695,,,,
62.12269010691823,,,,
61.91430270423913,,,,
59.653905701188066,,,,
59.655859816480294,,,,
61.38247940815147,,,,
60.52277180405416,,,,
60.88113033557692,,,,
61.090464363229394,,,,
61.631615293181085,,,,
61.39823439415969,,,,
61.6208464189382,,,,
60.525300846376844,,,,
60.803342496035626,,,,
61.67727706970378,,,,
60.49066309543452,,,,
59.57561292360089,,,,
61.87165103422049,,,,
61.12188643438294,,,,
61.03545414271156,,,,
60.45966051847709,,,,
59.857062844855186,,,,
61.36646070176822,,,,
59.216678691887054,,,,
59.103535365244376,,,,
61.13818836724299,,,,
60.82502752721599,,,,
60.68928033787124,,,,
62.047088320497835,,,,
60.0784495813657,,,,
61.645053106805904,,,,
60.86533374704308,,,,
59.24158011123272,,,,
61.82733498457387,,,,
60.69054921976024,,,,
60.33241462445647,,,,
60.72580134464315,,,,
59.968798387242984,,,,
60.516504475638804,,,,
61.75815171043747,,,,
60.2197323593803,,,,
61.219226880693824,,,,
60.10371393067485,,,,
61.291377978212715,,,,
61.69423695417347,,,,
60.54818025372551,,,,
60.82254300069771,,,,
61.10460774640106,,,,
60.31411030762493,,,,
60.46014629033536,,,,
59.13571865853227,,,,
60.01811342166505,,,,
61.62747668018637,,,,
61.489568562570106,,,,
60.74618140357777,,,,
60.61745669304342,,,,
61.35568089066855,,,,
59.36182430693098,,,,
60.84127186023049,,,,
59.5985820365123,,,,
62.40900497729579,,,,
61.03923047276683,,,,
61.46068741726282,,,,
63.884823025622296,,,,
65.62852293660593,,,,
65.76755904899264,,,,
64.19044742269757,,,,
65.3899770196988,,,,
65.1252536118337,,,,
65.2636494011988,,,,
64.66454540027881,,,,
65.67992094541297,,,,
66.51113028921316,,,,
65.39276284141422,,,,
62.840192531093045,,,,
65.57877277124959,,,,
66.23368567045266,,,,
65.01132829125461,,,,
67.6331299499655,,,,
66.3457040666755,,,,
64.6581649546371,,,,
64.25541799109683,,,,
64.92829514164387,,,,
65.2024875390819,,,,
67.68071079370138,,,,
66.72414760368724,,,,
65.19090992368032,,,,
65.77098040844628,,,,
65.98417872212515,,,,
66.33193399148462,,,,
67.76121904627736,,,,
65.65139539550782,,,,
68.34656953073323,,,,
67.063332352622,,,,
69.9307366512078,,,,
67.58237111163932,,,,
67.02280086613628,,,,
66.35846962010508,,,,
63.56043496863986,,,,
68.0943199694642,,,,
65.67252408883428,,,,
64.16895262218213,,,,
66.5089289397129,,,,
67.57256818385501,,,,
65.42088326517616,,,,
66.51419357709376,,,,
66.32027602454555,,,,
67.79054626852711,,,,
64.48445786897757,,,,
64.60869597061638,,,,
66.4810913841749,,,,
66.74250545195069,,,,
64.37585888887696,,,,
67.00480745131598,,,,
66.77199854155252,,,,
67.76074549100761,,,,
68.5180200633697,,,,
67.17924636736787,,,,
66.72876429967431,,,,
65.7043133711431,,,,
68.3333030634397,,,,
65.54545811150157,,,,
66.68352741206316,,,,
66.72605007780265,,,,
64.8044025162144,,,,
67.98071149483407,,,,
65.88826275335241,,,,
65.3705867033172,,,,
65.50316457515534,,,,
66.07601028057489,,,,
68.52828347913876,,,,
67.06426354885919,,,,
68.52047615114066,,,,
67.3076447675015,,,,
69.50340957220943,,,,
66.36365818296717,,,,
70.83338711730785,,,,
68.35217431269005,,,,
66.36953157267921,,,,
69.03791617821828,,,,
67.4357951129443,,,,
67.55590207606416,,,,
71.61642011774374,,,,
71.21311054705357,,,,
69.87341307385319,,,,
69.50104937081723,,,,
71.56198138799125,,,,
69.04067346383675,,,,
70.22582055126433,,,,
72.03008546856509,,,,
68.77442308824791,,,,
70.8251998335836,,,,
68.94687358186549,,,,
73.69314785111003,,,,
74.2245316080238,,,,
73.0095383603643,,,,
70.4586072571969,,,,
73.92500687073058,,,,
74.8486174469147,,,,
73.01933137680744,,,,
73.83715807188268,,,,
73.1293195720209,,,,
71.9572034490629,,,,
73.46970351703936,,,,
76.33761002652957,,,,
75.34045682124955,,,,
74.26806665931079,,,,
74.03008192996518,,,,
75.25902465482993,,,,
75.51063085771601,,,,
77.2090816890163,,,,
75.3703955234651,,,,
77.36589796252004,,,,
74.9749980712385,,,,
75.62827384070518,,,,
76.40469209918999,,,,
74.91949468882446,,,,
73.09070578672701,,,,
76.57422064002323,,,,
76.63141963486568,,,,
77.33050980159287,,,,
77.57074900721956,,,,
73.50099792310667,,,,
74.20635624346936,,,,
77.32073572445107,,,,
76.15113662877053,,,,
74.31243715623584,,,,
75.17779184043174,,,,
73.54044064272809,,,,
66.14166392666169,,,,
65.63390455546073,,,,
65.74305861075584,,,,
64.12921333082883,,,,
64.83285686179188,,,,
65.83458378857345,,,,
64.53175103225469,,,,
63.8782945168223,,,,
63.13242572283821,,,,
62.931529921008476,,,,
63.53871579495007,,,,
62.820617766833756,,,,
62.80756119792311,,,,
61.12621223789006,,,,
61.7508374099823,,,,
61.31121567153323,,,,
61.17467671891254,,,,
62.32647790596157,,,,
61.432818975896,,,,
61.524647644998424,,,,
58.066832195778055,,,,
59.93731194097241,,,,
60.55983955651407,,,,
61.525329461782064,,,,
62.32522201300749,,,,
61.17227695707995,,,,
60.16759781171849,,,,
59.83183205976736,,,,
60.69799895671836,,,,
61.11140026822137,,,,
60.64388878579219,,,,
59.828414934957834,,,,
60.97800159389444,,,,
60.995982254359475,,,,
60.517596059547124,,,,
60.3833233841558,,,,
60.94357105672868,,,,
61.02709435034368,,,,
61.0189380090745,,,,
60.70093107890121,,,,
60.25548669611119,,,,
61.68026734339954,,,,
60.65582545648669,,,,
59.94159228677838,,,,
59.91447273698959,,,,
60.442840569856045,,,,
60.46206022920873,,,,
59.98848786357607,,,,
61.00264228634766,,,,
61.60724015965012,,,,
61.18522623105951,,,,
61.36947805555605,,,,
60.54613348942471,,,,
60.600795960361815,,,,
62.38293436894009,,,,
61.65269227830757,,,,
61.683200455128144,,,,
61.05495845169676,,,,
60.49835568114907,,,,
60.53932245905226,,,,
61.379677724135014,,,,
60.15789433655665,,,,
60.86972234599742,,,,
59.81933509194267,,,,
60.68560152567846,,,,
61.568696871845745,,,,
59.255807484358776,,,,
60.61396571270762,,,,
61.04828511004689,,,,
58.74782052309232,,,,
59.70453201232155,,,,
60.59529077564162,,,,
60.664014834123364,,,,
62.142996211146695,,,,
61.27373992775565,,,,
60.56381064901515,,,,
60.48763956471138,,,,
60.52253536983409,,,,
62.7587233671861,,,,
60.91557494970492,,,,
60.46718636477353,,,,
62.53040470037143,,,,
63.21944934648073,,,,
64.66996790457948,,,,
63.63678999467096,,,,
63.95082710179435,,,,
65.68469958920704,,,,
62.95206513690228,,,,
65.77280460545924,,,,
64.01848437424175,,,,
63.010311548524456,,,,
65.98685486298201,,,,
64.48297811451978,,,,
65.77307015043617,,,,
66.91359537647806,,,,
66.07758096760308,,,,
65.29336031163952,,,,
65.27596085588986,,,,
67.91829047723108,,,,
65.75413761559695,,,,
67.13660170032747,,,,
63.56877617907569,,,,
66.34161504681093,,,,
65.69995441445396,,,,
65.65192410165031,,,,
66.44759016202691,,,,
65.37318403174972,,,,
64.65682027587387,,,,
68.01098274972638,,,,
65.20323303857296,,,,
66.46652750844962,,,,
65.26492920067409,,,,
64.08892656628848,,,,
67.5654342382124,,,,
64.9103963167537,,,,
64.94022620393255,,,,
66.37602192369509,,,,
68.916520648071,,,,
65.84829988350504,,,,
65.5381580290188,,,,
66.17092490224134,,,,
66.19110714801596,,,,
66.87971304779573,,,,
66.81118189971941,,,,
67.35931747332204,,,,
65.8771064303592,,,,
65.92465222392069,,,,
65.12431644690021,,,,
65.06898983813653,,,,
67.17180282374868,,,,
67.31600239290502,,,,
67.0016399478113,,,,
65.68725439680591,,,,
68.79012333842375,,,,
66.08232369286102,,,,
66.61471351689222,,,,
65.70097323806574,,,,
68.11021677949762,,,,
68.0161273158457,,,,
66.12991236168314,,,,
66.25515171598721,,,,
68.83336628076127,,,,
66.11090677512885,,,,
65.36020707283025,,,,
68.0318324066472,,,,
67.66991966262984,,,,
66.72460662869659,,,,
67.53953125436207,,,,
66.56174790768814,,,,
68.0982315213567,,,,
67.76142063415541,,,,
67.7927626278495,,,,
66.62346238953909,,,,
67.98111622390034,,,,
70.12015651401425,,,,
68.34297012594857,,,,
68.3729832846718,,,,
68.3643695978406,,,,
68.74860267409177,,,,
70.30330966700157,,,,
69.62175554561452,,,,
69.27484511490852,,,,
70.61721173882864,,,,
70.00478889247675,,,,
69.59525138018233,,,,
71.43489266006978,,,,
70.22699466789118,,,,
70.08867303147018,,,,
70.73629020736318,,,,
72.66749700947764,,,,
70.15291910763364,,,,
69.95173499217331,,,,
70.10657100286299,,,,
70.14124028023961,,,,
76.73073768683561,,,,
71.50869748420911,,,,
72.65399732898099,,,,
74.1150105350193,,,,
72.22554778053784,,,,
72.13634844056546,,,,
74.63212999211734,,,,
72.94597956701047,,,,
73.96349864277552,,,,
74.76940889461032,,,,
74.13182016719448,,,,
76.19046396199332,,,,
75.14010016883262,,,,
72.69623971261238,,,,
74.52732853384275,,,,
78.4573935492525,,,,
75.08585402688482,,,,
74.92695631162978,,,,
76.99367165718056,,,,
75.97640480957749,,,,
75.58800901111917,,,,
76.05037562541261,,,,
75.75270839035348,,,,
75.94760130497997,,,,
78.74794082205817,,,,
79.06349874663927,,,,
75.33344728601263,,,,
73.47842119569943,,,,
77.06942316400098,,,,
76.18618611838659,,,,
78.37943833841287,,,,
75.3852644155408,,,,
73.4793550521025,,,,
69.78653455633234,,,,
64.5320874980189,,,,
66.24673251646234,,,,
64.78995739199257,,,,
65.40758358952975,,,,
64.24787622296387,,,,
62.96996799913218,,,,
62.86444690516898,,,,
63.20498389609531,,,,
63.237063755106014,,,,
62.26283231056138,,,,
62.90679983917628,,,,
64.40101312041602,,,,
62.312992218376955,,,,
61.881952831560625,,,,
62.053765389397384,,,,
61.985891651081936,,,,
61.97599539479917,,,,
62.08375049074686,,,,
61.715300157272864,,,,
61.393248502813826,,,,
61.54257701791579,,,,
60.66602298295189,,,,
61.64038096771003,,,,
61.34995123751495,,,,
60.00484658514807,,,,
61.68030143076517,,,,
60.70561874324467,,,,
60.70834313331767,,,,
60.84544157078098,,,,
59.64787027304831,,,,
61.119540504453276,,,,
59.49807296839692,,,,
61.66854749945555,,,,
60.92989115083082,,,,
61.57280237744294,,,,
61.30127393221351,,,,
60.33126158300788,,,,
62.08380077227189,,,,
62.020774846068015,,,,
61.005378710863404,,,,
61.414444162084116,,,,
61.53363471992579,,,,
59.88680651161745,,,,
60.1343913387128,,,,
59.834869302350555,,,,
60.317658071445344,,,,
60.53695477912037,,,,
60.56212691386648,,,,
62.52813331644988,,,,
60.0973294188904,,,,
61.347465101415935,,,,
60.719019702811565,,,,
61.25996015837051,,,,
60.75142351054665,,,,
61.93930440334393,,,,
59.604379511699264,,,,
60.44580599091639,,,,
60.200693444733346,,,,
62.48150961671149,,,,
60.33518737407525,,,,
59.93384943113762,,,,
61.50339479034177,,,,
60.20759363671605,,,,
61.35670902463295,,,,
60.71510017184861,,,,
61.72950062161254,,,,
60.525679515450356,,,,
60.741911396269,,,,
61.77405136122955,,,,
60.37701234724869,,,,
61.22910907495929,,,,
62.17644570973993,,,,
60.42894392022997,,,,
60.672671834440756,,,,
59.41665871604394,,,,
59.57510961787058,,,,
61.74965818458567,,,,
60.71559698571252,,,,
60.791163028343135,,,,
62.02384028405541,,,,
62.48898157706611,,,,
63.90948583575541,,,,
65.38441767247144,,,,
65.60336442406403,,,,
63.36180439843068,,,,
65.14581164073886,,,,
66.27182985399897,,,,
65.07220854084922,,,,
65.97521113649695,,,,
64.49296696722898,,,,
66.92325251555107,,,,
63.389631068906155,,,,
66.15028976683563,,,,
65.70328347179436,,,,
65.74182015622696,,,,
66.8791190011802,,,,
64.47471342466287,,,,
65.10354249715802,,,,
65.99815756591066,,,,
64.4642906018296,,,,
66.66895732761921,,,,
67.67088144394864,,,,
63.96617481000438,,,,
68.06019501683176,,,,
66.62922743850227,,,,
65.33188973314685,,,,
64.13482876725223,,,,
68.40752577801179,,,,
65.92132428410012,,,,
68.80435463918359,,,,
66.83105569179689,,,,
65.47411871030727,,,,
66.05717258233524,,,,
66.4865575201786,,,,
66.92019945828616,,,,
65.71076835375275,,,,
67.83463882760869,,,,
67.88878581579556,,,,
69.0092032065257,,,,
67.26244289082251,,,,
67.23372264976274,,,,
69.18473714781466,,,,
66.910620066144,,,,
65.24727343251342,,,,
65.74078871046136,,,,
66.66235111210023,,,,
65.6403425258767,,,,
65.94675241525772,,,,
66.54084061427945,,,,
64.89129257073402,,,,
68.07745834339242,,,,
66.03778703716091,,,,
67.19603429183543,,,,
66.76450056759082,,,,
65.36704956735923,,,,
64.81544641560554,,,,
64.68121897818656,,,,
65.04483884958319,,,,
65.73480979919287,,,,
67.38482364406644,,,,
65.48302994829699,,,,
67.49589396669067,,,,
66.66227258669896,,,,
67.24472968318086,,,,
67.32720329722206,,,,
69.43245078590692,,,,
67.89190690245995,,,,
68.07870711808837,,,,
65.52500082335612,,,,
68.63534753267831,,,,
68.44333428943139,,,,
69.93024783151175,,,,
66.0674933669747,,,,
66.49514711207866,,,,
66.71180474469172,,,,
70.26479808116018,,,,
70.51884400283,,,,
65.46607260681304,,,,
70.25217371760735,,,,
69.80442459954891,,,,
71.46156821229043,,,,
68.47431194732921,,,,
69.83004690861672,,,,
69.01890075040349,,,,
73.79720964329925,,,,
71.85494088180195,,,,
70.26407377594433,,,,
72.2850137864058,,,,
71.26199277352094,,,,
73.01838232207608,,,,
71.01275259507203,,,,
75.03809185172662,,,,
70.34440382462827,,,,
72.46207613549868,,,,
72.55728271018619,,,,
73.07543066699876,,,,
74.76016316023112,,,,
74.25151552912548,,,,
74.25578759955499,,,,
72.46342452231,,,,
73.8216373036971,,,,
74.59397040692949,,,,
74.95872289039097,,,,
75.32588661942812,,,,
74.08363543031975,,,,
74.44822840717477,,,,
77.1747041751752,,,,
72.75528927728904,,,,
77.41707198656196,,,,
75.2006224737529,,,,
78.08041161072607,,,,
74.43794893905584,,,,
75.58854812752104,,,,
74.55767947955923,,,,
79.64131115098353,,,,
73.94034269293758,,,,
78.17727099141342,,,,
74.95118427891074,,,,
76.03071493291438,,,,
75.01741677131947,,,,
76.58635973844471,,,,
76.87420206538539,,,,
77.00062481133158,,,,
73.32064387807189,,,,
74.1950383498139,,,,
72.77168526869715,,,,
63.601512907080355,,,,
66.42022846480909,,,,
63.628329912037636,,,,
64.88425732142916,,,,
63.3170413309458,,,,
64.01134106435237,,,,
65.00206646040981,,,,
63.7317655174231,,,,
63.256586611188965,,,,
63.555229731329234,,,,
62.1237735564686,,,,
63.34041829150497,,,,
60.885949849923065,,,,
62.463176936863725,,,,
61.56033462121621,,,,
62.603285938152005,,,,
62.40908907576298,,,,
61.345869766957335,,,,
61.778146424013244,,,,
62.13710264714674,,,,
62.50238330509829,,,,
61.348440016088645,,,,
60.732104932199,,,,
61.83840471458996,,,,
62.12582012696065,,,,
61.115656475103556,,,,
60.3628938067701,,,,
61.28768529561187,,,,
61.18049439809521,,,,
61.73957393043712,,,,
59.5190035109596,,,,
60.79118448587016,,,,
60.821089137457854,,,,
60.2143967680824,,,,
60.185529232387736,,,,
60.805301808651116,,,,
60.299456575854286,,,,
62.0349086091467,,,,
60.34226883283135,,,,
61.03155804354503,,,,
60.854655244344684,,,,
60.653174551895944,,,,
60.24560498259396,,,,
60.83901868999743,,,,
60.01013647339751,,,,
59.74973735672289,,,,
61.67396414568799,,,,
60.35471239393827,,,,
60.50318695628302,,,,
60.507414419112486,,,,
61.50903888057074,,,,
60.7638641473991,,,,
60.14878636036799,,,,
61.52961543545344,,,,
60.952784166103136,,,,
61.684862076342505,,,,
60.05782885457498,,,,
62.18359391253882,,,,
61.89050912960944,,,,
60.70267412508435,,,,
61.19070362856811,,,,
60.85862571980341,,,,
61.12246391636034,,,,
60.81477367836907,,,,
59.96896243959648,,,,
60.04734645538551,,,,
60.65577565154152,,,,
60.3994750539274,,,,
60.58512066770833,,,,
59.638376964363246,,,,
60.858381426222735,,,,
61.645830550726096,,,,
59.130000815798525,,,,
61.651953590410585,,,,
60.82512063443119,,,,
59.77231803887815,,,,
61.60968449959284,,,,
60.947555549300056,,,,
59.51628346045653,,,,
60.96437813737281,,,,
61.414241649246286,,,,
64.06961631664623,,,,
64.56223678208524,,,,
65.01524334472111,,,,
64.88599273584376,,,,
64.22425308841045,,,,
65.23466438965193,,,,
63.27901510202776,,,,
62.95916782567591,,,,
65.92654656216149,,,,
64.95170716875778,,,,
63.19984710261744,,,,
64.11997233531928,,,,
66.7999418420043,,,,
64.3006392389741,,,,
64.18890800408835,,,,
66.99211851095153,,,,
66.71837208984428,,,,
64.99152799643313,,,,
64.33589708699758,,,,
68.04405753594126,,,,
65.59915264433937,,,,
66.89553428370449,,,,
62.73898107315677,,,,
66.06808839531837,,,,
64.8739020005405,,,,
64.51248439707285,,,,
67.12287792211097,,,,
66.26678076479105,,,,
65.04890573987905,,,,
67.88617054048022,,,,
65.1726501669536,,,,
66.94839156017015,,,,
66.6539417946767,,,,
67.22695725362685,,,,
67.54247073580574,,,,
66.8315065580071,,,,
68.69803907883221,,,,
66.64094488691228,,,,
63.298768258753555,,,,
69.7116940143049,,,,
67.8969947401264,,,,
64.24124319389017,,,,
69.12228326262574,,,,
66.28179670327748,,,,
65.02648211589002,,,,
65.05041574860921,,,,
66.65635316334007,,,,
66.77941216211038,,,,
68.33819091527003,,,,
67.84472797705146,,,,
65.49786285693582,,,,
66.76941512519859,,,,
65.84276882558919,,,,
65.66631177176522,,,,
67.94903806156341,,,,
66.52679175167772,,,,
67.23729687174479,,,,
67.09768584092375,,,,
67.7699010706254,,,,
65.93460108613192,,,,
68.5846939676825,,,,
66.2667285007922,,,,
68.19059760713468,,,,
66.65194270140056,,,,
66.22996811593005,,,,
68.87422848003824,,,,
70.25549403242577,,,,
65.74713733626433,,,,
70.604280134115,,,,
66.63607662928332,,,,
68.05222001939416,,,,
67.92956844116645,,,,
69.92887376378233,,,,
68.12829894293331,,,,
67.28075382822341,,,,
69.149477294408,,,,
69.25553339105564,,,,
69.53785276190578,,,,
69.52909303340994,,,,
69.61969835521147,,,,
71.72182237049996,,,,
68.5201700340963,,,,
70.16908334464797,,,,
72.02193080087173,,,,
71.6345364576821,,,,
70.34717889326102,,,,
72.47624609638865,,,,
70.2549516490951,,,,
71.51342736589345,,,,
73.55936558735874,,,,
73.20364913880006,,,,
74.71900946831111,,,,
72.90034820887142,,,,
70.66702917330144,,,,
73.31164278417764,,,,
74.28794142034933,,,,
72.06153491958307,,,,
74.0840448841394,,,,
74.75269021320335,,,,
74.44449671985576,,,,
73.74651255896869,,,,
78.15958125801534,,,,
74.13998283480535,,,,
75.33327965042417,,,,
72.9965681069343,,,,
75.78782295439306,,,,
75.41124262835216,,,,
77.90985578429478,,,,
71.54531285478205,,,,
76.85428702969591,,,,
76.7699547477147,,,,
74.72584466049216,,,,
73.65491298644312,,,,
77.04477090628777,,,,
75.64130966123984,,,,
76.12485602034397,,,,
77.22849554875282,,,,
77.0909449532243,,,,
77.08324012911163,,,,
75.74803596269136,,,,
77.52723145582142,,,,
75.02161989624136,,,,
72.87960956572645,,,,
76.22575864068676,,,,
67.21917352089646,,,,
63.620207728908575,,,,
63.6643556853935,,,,
64.89357878249149,,,,
64.51790185195144,,,,
63.18762238672199,,,,
62.99687229987371,,,,
63.43333356330844,,,,
64.96239527124008,,,,
63.29073974127621,,,,
62.9591440127307,,,,
63.04895034630016,,,,
62.187398464768144,,,,
62.15177327745965,,,,
63.19317887865678,,,,
61.65563634441731,,,,
61.97267979393493,,,,
61.12693737862769,,,,
61.85409424835279,,,,
60.998242128367146,,,,
60.58033060781448,,,,
61.69350490516014,,,,
62.27322198360416,,,,
61.33103274615123,,,,
61.01094252219283,,,,
59.876970176803425,,,,
60.536498894542454,,,,
61.12405552513978,,,,
60.747042980523155,,,,
59.91984643830797,,,,
59.990633060396384,,,,
60.25036430458309,,,,
60.636401988195544,,,,
61.036354208753394,,,,
60.79453518073972,,,,
60.258161257731636,,,,
60.759938101973994,,,,
61.17740130825957,,,,
62.20731554744633,,,,
61.190426101280075,,,,
60.909871391102776,,,,
61.47406770105621,,,,
61.46675879441712,,,,
60.88866996303792,,,,
62.404517934016944,,,,
61.013807162502346,,,,
61.15278235087919,,,,
60.81762148558367,,,,
61.20148137941483,,,,
60.771396973637586,,,,
61.29219830484706,,,,
60.05574118671786,,,,
61.25253886819069,,,,
61.62055780751162,,,,
60.83030587825215,,,,
61.20800671574692,,,,
60.09512004579694,,,,
59.924762854258546,,,,
61.75275430012459,,,,
61.27457999611265,,,,
60.695865687572635,,,,
60.81609760007993,,,,
60.03391095919145,,,,
60.35658246679368,,,,
61.00844713799543,,,,
60.1517113639316,,,,
59.94682315736514,,,,
62.45022129519806,,,,
61.24209517141922,,,,
61.809713525031924,,,,
60.875469793177245,,,,
60.367006805627895,,,,
60.52640044435577,,,,
61.480113648379785,,,,
60.818199799527754,,,,
59.709231991223014,,,,
60.18823125694566,,,,
60.104471578676,,,,
61.42685484094901,,,,
60.5293999838969,,,,
62.051964211896134,,,,
62.422380207601506,,,,
63.53662810440312,,,,
64.80710452799525,,,,
65.76272080306111,,,,
64.34354160737898,,,,
63.53599246471306,,,,
63.87678260226426,,,,
65.95688643783367,,,,
66.64084355838037,,,,
63.344956860746684,,,,
64.20669934941938,,,,
66.62183948774206,,,,
64.52537050865475,,,,
65.99080685338124,,,,
63.89297350093165,,,,
65.57909255434323,,,,
65.12367459592826,,,,
65.97677442306629,,,,
64.88381227383752,,,,
65.78824163032586,,,,
65.37200196359875,,,,
63.41233269951591,,,,
67.53368064076993,,,,
66.5578766655739,,,,
65.73869633407504,,,,
66.0769806189466,,,,
68.07888851532205,,,,
64.71674755097308,,,,
66.93277677994212,,,,
65.52980616280799,,,,
65.46637367535561,,,,
67.67964570175997,,,,
66.75330331957348,,,,
63.45310617441629,,,,
65.99787313678728,,,,
66.60001078698244,,,,
66.90235490808513,,,,
66.53975112531528,,,,
68.60385006086781,,,,
67.97898055153743,,,,
67.26473095540618,,,,
65.63121691407957,,,,
67.72901533537672,,,,
67.10922386449968,,,,
66.69912490045216,,,,
67.83875009320283,,,,
65.22114246459164,,,,
67.96638920823813,,,,
67.24609608776356,,,,
67.55788145549641,,,,
68.28349308916148,,,,
67.02362681868206,,,,
68.3598066264138,,,,
63.66464722723164,,,,
66.9304038067119,,,,
67.35537957109025,,,,
66.9068526568263,,,,
67.0530938961151,,,,
65.81948100842234,,,,
67.95011356051504,,,,
66.63844570263178,,,,
68.06130564222777,,,,
67.50811884042024,,,,
68.03402587324149,,,,
67.76861511857715,,,,
65.9419985224047,,,,
68.7438041099416,,,,
66.54350896439765,,,,
68.0922913111563,,,,
65.08474515952383,,,,
66.41401962962705,,,,
70.62358095437258,,,,
67.42225531846618,,,,
70.52507020955927,,,,
65.78257552846532,,,,
69.32589830306557,,,,
68.1917535250684,,,,
70.30095043965441,,,,
69.33864158652584,,,,
72.13580000668647,,,,
69.958405039412,,,,
70.97630549863518,,,,
67.80946777887814,,,,
68.97740600873918,,,,
73.10672796238023,,,,
68.76563474270128,,,,
70.76774821944528,,,,
72.40526949990773,,,,
70.42155123295734,,,,
70.08387441093133,,,,
71.58144537516691,,,,
74.39116142941033,,,,
73.60091853753197,,,,
73.19140136114699,,,,
73.55970943677475,,,,
71.28054491369691,,,,
72.78233226801112,,,,
73.39168973990076,,,,
73.62702996357989,,,,
73.63502329193062,,,,
74.97231852188827,,,,
72.97334126639808,,,,
75.43540217544783,,,,
74.94663802490227,,,,
72.06040925390408,,,,
75.7486623326175,,,,
73.53285124490255,,,,
73.13482938306072,,,,
75.21161242264756,,,,
73.49435300991352,,,,
77.54396941887296,,,,
76.22686988204187,,,,
75.34892814772942,,,,
74.8689515815936,,,,
76.81416753009215,,,,
78.6096078600716,,,,
76.533762128846,,,,
76.38217589014513,,,,
75.93418527595013,,,,
76.76320409330067,,,,
73.64101877986432,,,,
77.17826016102033,,,,
78.14209131341697,,,,
74.25710489955075,,,,
74.61831265194328,,,,
63.59964493992913,,,,
66.23359203514381,,,,
63.738882916646865,,,,
63.942839885214006,,,,
63.805566042634915,,,,
64.3178335807253,,,,
62.77522824038868,,,,
63.6981440282838,,,,
62.70328157988835,,,,
62.820948304366084,,,,
63.91810553518362,,,,
61.827538468981054,,,,
61.89965974317091,,,,
61.322452594240225,,,,
61.61680957250449,,,,
60.71380860921369,,,,
61.47024072191293,,,,
61.52229142041635,,,,
62.123837176375154,,,,
60.56560705699435,,,,
60.85200623212805,,,,
61.92802259123068,,,,
60.76119162647596,,,,
61.80030346661715,,,,
61.62524177806171,,,,
60.851105428537565,,,,
60.92671221844974,,,,
61.42269776041271,,,,
61.705905821178234,,,,
60.12037995296658,,,,
60.63275361619588,,,,
59.80326890041444,,,,
61.49965418214694,,,,
60.566912118395884,,,,
61.45198883298849,,,,
60.128242998761046,,,,
60.90056962944707,,,,
60.9681413321975,,,,
60.64593343111983,,,,
60.36159188774046,,,,
61.530447157149354,,,,
60.04112031190479,,,,
61.064825379617176,,,,
60.492976094401456,,,,
60.65573505948306,,,,
60.21083094346517,,,,
60.045158045693356,,,,
59.859083662554816,,,,
60.24130412516907,,,,
60.64149134824426,,,,
61.8225418313634,,,,
60.98999238379331,,,,
60.677525643892324,,,,
61.15054257036036,,,,
59.833610483451714,,,,
61.692288605372745,,,,
59.64491293072251,,,,
60.940278248490074,,,,
61.75280538746804,,,,
60.925919834827404,,,,
61.01819416405621,,,,
60.151196690385774,,,,
61.199134489971584,,,,
60.77868451362412,,,,
61.40490537513385,,,,
61.53321531954344,,,,
60.90536322617038,,,,
60.203250001373846,,,,
61.157392829145465,,,,
60.82236144412416,,,,
61.245489735810445,,,,
60.39192909038352,,,,
60.11333945680634,,,,
61.49354134227071,,,,
61.52269098534019,,,,
61.98477797338116,,,,
62.04666934155136,,,,
60.29609851242187,,,,
60.294517715979445,,,,
62.71872234578218,,,,
62.70342873927628,,,,
64.29001098392489,,,,
65.68624465405227,,,,
65.68801700241806,,,,
61.55980708591196,,,,
64.58024264720713,,,,
64.80458904662599,,,,
64.22823618437413,,,,
65.67649255006587,,,,
65.14710842916733,,,,
67.01588200157924,,,,
64.82709535231365,,,,
63.092000173113995,,,,
66.37402674761123,,,,
66.7937234397828,,,,
66.81935528349871,,,,
64.7397721656388,,,,
65.81511373654124,,,,
65.08202451533234,,,,
63.851181737795585,,,,
64.88719754573536,,,,
65.36677642465496,,,,
65.15768120334062,,,,
64.8062323536797,,,,
66.66005739935852,,,,
67.23180209789541,,,,
64.99128218598982,,,,
63.4924252747183,,,,
66.25724096527176,,,,
67.0377152400563,,,,
63.22663192836883,,,,
65.92829364564867,,,,
68.31101631299528,,,,
65.54469044722893,,,,
66.11541176573024,,,,
69.1938258465551,,,,
66.78176370498613,,,,
66.58358691174318,,,,
64.4656792861808,,,,
66.84037176257291,,,,
68.30261125806273,,,,
65.81382954837729,,,,
63.972284849250165,,,,
68.0751651364028,,,,
66.6469221020794,,,,
66.70436271084976,,,,
64.58918050675402,,,,
66.48079465206095,,,,
66.05108221828405,,,,
66.29470483799831,,,,
65.96633370242101,,,,
67.60338272980461,,,,
66.96575703123963,,,,
67.29947534233985,,,,
64.4154355295956,,,,
66.46119662903043,,,,
68.15359228380879,,,,
66.79852779934555,,,,
65.66643584547053,,,,
68.48284692753654,,,,
69.07225454715909,,,,
66.66657604227696,,,,
68.05524414838119,,,,
67.30854196666965,,,,
67.2254056693654,,,,
69.05558578073001,,,,
70.1238348784935,,,,
68.21238593747971,,,,
64.68134916342346,,,,
67.96223048309447,,,,
65.99194975247069,,,,
70.15582633837053,,,,
68.93298113371917,,,,
69.33492919502203,,,,
68.94139651515978,,,,
66.83655381747555,,,,
69.1265397087035,,,,
69.58373749615784,,,,
66.50754427474104,,,,
70.77519711211495,,,,
72.7802044092964,,,,
73.10910794632488,,,,
68.8492648286379,,,,
72.67935055100725,,,,
69.43605608500967,,,,
69.54433635614598,,,,
72.27725983997226,,,,
70.42030340668936,,,,
71.38573396976602,,,,
72.77578613625244,,,,
72.47844159493071,,,,
73.50395661168835,,,,
71.7819094589818,,,,
72.83265174180119,,,,
72.60841033554384,,,,
71.89907080081733,,,,
73.9825421247945,,,,
75.66025269511604,,,,
74.78182888640012,,,,
73.34562793839082,,,,
74.6826036695609,,,,
75.48595893599752,,,,
74.92197080464835,,,,
73.98255231323544,,,,
74.89307261309105,,,,
74.79876635292712,,,,
74.4866011241062,,,,
75.92065869525136,,,,
77.84314200165042,,,,
75.0849145636833,,,,
78.50734340342204,,,,
75.40801954675202,,,,
76.11676238783484,,,,
76.29170728468381,,,,
73.74890638101006,,,,
77.53488122133393,,,,
78.59236666199038,,,,
76.99811764994143,,,,
79.62682224071717,,,,
76.2096419555485,,,,
75.3929205472382,,,,
73.9625463995516,,,,
73.65230236477628,,,,
71.96323557702063,,,,
68.52983714559443,,,,
66.17252456489508,,,,
65.51421989672293,,,,
67.31659269482977,,,,
64.15468158442786,,,,
64.36577328038987,,,,
62.986195311053706,,,,
62.58792045263962,,,,
63.02302271963631,,,,
63.11830869181902,,,,
62.31153714171376,,,,
62.73876129073081,,,,
61.93279295199964,,,,
62.13503128475434,,,,
62.500018158290295,,,,
62.65349657362944,,,,
61.74007078496304,,,,
61.06828488178817,,,,
62.847983609247926,,,,
61.79315157617955,,,,
62.026233329953726,,,,
60.93425768074201,,,,
60.52461293490459,,,,
61.23267648914579,,,,
60.27418485562315,,,,
59.72765877837358,,,,
61.089212162246845,,,,
60.568548291077605,,,,
60.051293686245366,,,,
59.78906684739787,,,,
60.77437560089521,,,,
61.145380797784526,,,,
59.586361208818175,,,,
61.47407000454156,,,,
60.047245504885446,,,,
60.458132695465444,,,,
61.179117800155716,,,,
60.53475857595547,,,,
60.19531722634472,,,,
60.47810324681282,,,,
61.83365883869177,,,,
60.54495998508032,,,,
60.46757055650401,,,,
61.02095534290446,,,,
60.233683532605376,,,,
60.08454567611074,,,,
61.29408878676094,,,,
60.687708378755794,,,,
60.431227761883825,,,,
60.9494125747714,,,,
61.71725689001053,,,,
60.16763338178197,,,,
61.71250629137261,,,,
60.639000400270056,,,,
60.480791688605535,,,,
60.51174666336394,,,,
60.46753703334186,,,,
60.60264721649822,,,,
59.926892269659106,,,,
60.79666325248146,,,,
60.72976075338965,,,,
58.56338181990552,,,,
60.03418260825745,,,,
59.830908478271326,,,,
60.1879038783931,,,,
60.37472016119819,,,,
60.75876846889313,,,,
59.792146717852745,,,,
59.716552494204976,,,,
59.91210683542641,,,,
60.65273211938043,,,,
59.00765612578079,,,,
59.37791615313562,,,,
59.400338254257655,,,,
61.520536002192046,,,,
61.168526355960424,,,,
60.94671756523072,,,,
60.977394831666246,,,,
61.21033767080163,,,,
61.99889315194004,,,,
63.23758305890249,,,,
63.816935313268004,,,,
65.96567549812087,,,,
62.623752419483196,,,,
64.9176880714455,,,,
65.79820289598533,,,,
64.75538044864446,,,,
64.9971792914341,,,,
64.05274695645176,,,,
66.08160679684116,,,,
65.75252733924142,,,,
66.37518951615782,,,,
63.890040651270915,,,,
64.282113949819,,,,
63.52136315811391,,,,
66.84069732586184,,,,
65.5697609563925,,,,
64.9465015023355,,,,
67.67052640359077,,,,
66.3316825760286,,,,
68.47740373979389,,,,
65.69533886183473,,,,
65.54231951311493,,,,
68.10995593595531,,,,
63.7820340444042,,,,
67.2340569673898,,,,
64.67787598399121,,,,
69.79886121574296,,,,
67.9794928013689,,,,
65.92497776844473,,,,
69.55371013414434,,,,
66.33513708463076,,,,
66.24865934274598,,,,
67.71308305852541,,,,
63.374328413734546,,,,
65.7617457259243,,,,
66.79771656554684,,,,
66.07886619829348,,,,
66.06845328233233,,,,
66.25727925344134,,,,
67.26197621023059,,,,
66.47384414856019,,,,
66.2072511080373,,,,
68.0995349567589,,,,
65.85086432271862,,,,
66.70232794942271,,,,
67.18779631961118,,,,
67.0266671770819,,,,
64.66845657644835,,,,
69.25520316892273,,,,
67.88884577550236,,,,
68.01349979834016,,,,
66.60161273038065,,,,
64.3150104572502,,,,
67.48107436308881,,,,
64.75131852441281,,,,
67.10916787452062,,,,
66.81660054691454,,,,
66.54735455986777,,,,
67.7953332981156,,,,
67.80394939595591,,,,
64.99807843104927,,,,
68.93133668329448,,,,
66.95599718428109,,,,
67.07802154834421,,,,
67.99455826189092,,,,
67.67957512842644,,,,
68.85914271001012,,,,
67.27508231793692,,,,
69.62560499853197,,,,
66.95378196376518,,,,
68.6278605439039,,,,
68.19978698325767,,,,
70.34057564086028,,,,
69.03260095448995,,,,
69.13249061358665,,,,
69.9491030677578,,,,
69.48198161720676,,,,
68.87171770618444,,,,
68.87601304611917,,,,
71.35117296472338,,,,
69.07832949061057,,,,
69.6097166995055,,,,
70.19620773845588,,,,
71.23599147503221,,,,
68.50947236397674,,,,
72.97114652731426,,,,
71.41194323763095,,,,
74.06289887804454,,,,
73.21423040268527,,,,
72.87118389245208,,,,
75.0478986621294,,,,
72.16002768749718,,,,
69.46452014411105,,,,
75.44239858464144,,,,
72.67766824274702,,,,
74.38137547988985,,,,
73.9670283687699,,,,
72.8308326143555,,,,
75.1433508736515,,,,
72.67365973778254,,,,
74.22284432182965,,,,
76.73654860760314,,,,
74.1334147049307,,,,
73.92324678152957,,,,
76.92252561182906,,,,
71.90453830402198,,,,
78.54281661493702,,,,
77.10132634462659,,,,
78.34453696166511,,,,
75.80011717434203,,,,
74.45928168660967,,,,
74.76652763815285,,,,
78.13472090717421,,,,
75.38201980319242,,,,
76.54816508671975,,,,
77.13599581561012,,,,
76.2194171381999,,,,
75.1997324131517,,,,
74.71439999976543,,,,
73.00014253772551,,,,
75.1287840316111,,,,
72.76845735327318,,,,
71.73124325103944,,,,
64.9971738698135,,,,
64.08721247256372,,,,
66.09489709091281,,,,
63.69725899272678,,,,
65.04257287533477,,,,
65.01736037346244,,,,
62.50663031397871,,,,
63.129195589688294,,,,
62.040987514042634,,,,
63.386952973070734,,,,
62.84081680371338,,,,
64.08066537224722,,,,
61.90662999820507,,,,
62.120363617008216,,,,
60.921055243779804,,,,
62.631577721290164,,,,
61.23961988095939,,,,
61.9253390574833,,,,
60.914904900358366,,,,
63.321332871520006,,,,
61.25526284512508,,,,
59.86924654568322,,,,
62.21162021163944,,,,
60.390223442003105,,,,
60.53987194007743,,,,
62.07268459794535,,,,
61.659919275330815,,,,
60.343384433977945,,,,
59.862919535417085,,,,
60.0870022360949,,,,
60.39480357882373,,,,
62.2008756720613,,,,
61.55714944829027,,,,
60.035058267990365,,,,
59.019215747268674,,,,
60.556172252167954,,,,
60.805366415920155,,,,
61.42151793136525,,,,
59.84794239747699,,,,
61.251039821563076,,,,
61.28761071367355,,,,
59.71413908960017,,,,
61.15241466878608,,,,
61.60796357752845,,,,
60.223545740924685,,,,
60.86573258973127,,,,
60.59373543982632,,,,
60.92933864061837,,,,
61.30899239518801,,,,
61.39366498782867,,,,
60.6925322153103,,,,
61.04716524267282,,,,
61.26055736731013,,,,
60.505548105578406,,,,
60.839308706083166,,,,
60.24925373810626,,,,
60.63163778287671,,,,
60.90429933409996,,,,
60.30435040054305,,,,
60.077532460961166,,,,
60.855181149695575,,,,
60.16201530239785,,,,
62.1779346001425,,,,
61.36827783705727,,,,
60.30562621655547,,,,
60.77897938365425,,,,
61.66220591704936,,,,
60.68459406392507,,,,
61.51548144399497,,,,
61.10555208360135,,,,
58.88138922643607,,,,
60.45906445140359,,,,
60.42665081789485,,,,
60.710447030647025,,,,
59.77072415154162,,,,
59.739973590967544,,,,
61.51243507695676,,,,
61.506016807085885,,,,
60.69355862021248,,,,
60.19496461848482,,,,
61.26919589255738,,,,
64.11569446709908,,,,
64.72591356718611,,,,
65.99090659438637,,,,
64.24276989261843,,,,
65.39393335644338,,,,
65.28919007683201,,,,
64.43675476461706,,,,
64.48562083820879,,,,
66.76028945025905,,,,
66.75927837817149,,,,
64.53575176121984,,,,
66.2227686493937,,,,
66.16819303071965,,,,
66.89446816554094,,,,
65.75443373693884,,,,
65.31556274718905,,,,
66.88267165823373,,,,
65.86322555162057,,,,
65.20919357313379,,,,
66.925681291786,,,,
66.04350662368027,,,,
65.8675425679614,,,,
68.4398895167819,,,,
65.65377763121943,,,,
65.75223409060919,,,,
67.87643690730543,,,,
65.55572845943358,,,,
66.73389910524877,,,,
65.87129851565996,,,,
69.21176862680065,,,,
65.96880305352535,,,,
66.44631660268482,,,,
66.22983999306007,,,,
67.15979313277423,,,,
66.84866733477314,,,,
67.01976007768087,,,,
66.02624407813722,,,,
67.50741097849813,,,,
65.70504682147163,,,,
67.66185092200507,,,,
66.14725039300218,,,,
67.7499116960874,,,,
69.02053674641542,,,,
68.76643774732771,,,,
67.51690654956214,,,,
65.87565117194389,,,,
69.06428673000272,,,,
67.20585371013779,,,,
67.03807231415777,,,,
69.14285894189308,,,,
64.38275060630436,,,,
68.69566708016796,,,,
67.48999219907137,,,,
66.06812424944576,,,,
67.07677293177166,,,,
66.19016403761282,,,,
69.58070371760097,,,,
67.20691133067382,,,,
66.21706956103581,,,,
66.40996380440437,,,,
66.62734654178789,,,,
66.79961599831444,,,,
67.43958911083601,,,,
67.0464370725202,,,,
67.97208706620262,,,,
66.66577955204917,,,,
67.64599174390098,,,,
69.44259038179024,,,,
68.93968311793375,,,,
67.51995110844969,,,,
68.79542545954092,,,,
69.09559030417172,,,,
69.81727116309226,,,,
68.33344562924644,,,,
69.8019536397884,,,,
68.43820050516165,,,,
70.35580782965101,,,,
67.88409309065837,,,,
71.1334520514115,,,,
69.93663281493612,,,,
71.74767028722044,,,,
71.5554589464408,,,,
74.05464590768376,,,,
68.10797627486018,,,,
71.34333909305748,,,,
69.7269609976092,,,,
73.42943274776067,,,,
72.4283162794679,,,,
71.07788458413336,,,,
73.44223012007053,,,,
71.25673927586247,,,,
72.0344744374735,,,,
71.2950653066467,,,,
76.79369338448622,,,,
74.49915988241499,,,,
72.01719118242653,,,,
73.87699469000451,,,,
76.41897446280038,,,,
74.58609038206133,,,,
76.43002360281653,,,,
72.11230828945719,,,,
75.47990983620274,,,,
76.94747824902161,,,,
75.4074056972297,,,,
73.8627857676091,,,,
76.91732350815634,,,,
75.0997152243544,,,,
77.37409745047401,,,,
78.43531542483474,,,,
78.20455302327146,,,,
76.12984889163296,,,,
74.00705061197426,,,,
79.93301691672787,,,,
76.87075960647196,,,,
78.59341186656061,,,,
74.88735804406966,,,,
75.79606846126505,,,,
76.44170662607922,,,,
79.36651878160977,,,,
73.51702503367636,,,,
86.07728733538056,,,,
133.52562165139346,,,,
177.25375145290238,,,,
214.60544195828618,,,,
204.29938753361063,,,,
186.9687539294919,,,,
173.77137283362737,,,,
166.70298751421893,,,,
166.2868732677335,,,,
166.22241782300688,,,,
163.99493291600197,,,,
160.08328832841192,,,,
159.98141033675947,,,,
161.26035417710798,,,,
165.8384847149162,,,,
171.12566047350956,,,,
173.79255473610107,,,,
173.14753168841105,,,,
169.5125302341349,,,,
167.67679726087664,,,,
165.5462423397454,,,,
162.91547154616998,,,,
161.52293390537338,,,,
161.47054621131866,,,,
161.40282737353326,,,,
160.42538735700174,,,,
159.4368413911264,,,,
158.71114161773318,,,,
159.3530156717006,,,,
157.54121703430297,,,,
158.41299802480566,,,,
155.41991828510686,,,,
155.02591283871408,,,,
154.11282050590935,,,,
155.43576673075242,,,,
156.62204718887318,,,,
155.63965644163872,,,,
156.96401045053793,,,,
156.50525562568274,,,,
155.79278817179042,,,,
157.4195613728298,,,,
156.51545128841272,,,,
158.56000489264014,,,,
158.03949987330807,,,,
160.71150328920655,,,,
160.4268421177751,,,,
160.30396808932667,,,,
160.0119225597431,,,,
159.37353843420294,,,,
159.23279220232652,,,,
158.8420275766937,,,,
156.82633581479402,,,,
157.5350620402643,,,,
156.90664997861032,,,,
158.73562092302257,,,,
158.85441226704535,,,,
157.69275318274308,,,,
157.57507413554407,,,,
157.3646487122449,,,,
157.70657465129582,,,,
157.07564249449766,,,,
155.9789010654037,,,,
155.90748828954605,,,,
156.92141049407286,,,,
154.09081760977608,,,,
154.12507602389329,,,,
154.02144991469206,,,,
150.46134453322824,,,,
153.33388286336708,,,,
150.225170985965,,,,
149.76443447950098,,,,
150.0530554747802,,,,
152.6237672073297,,,,
151.83379051241943,,,,
152.31445423538955,,,,
152.13292867688725,,,,
151.0137853617535,,,,
151.3094971004282,,,,
151.82488884352207,,,,
149.69430084050003,,,,
150.91616002601637,,,,
151.10154662994003,,,,
150.6194202054254,,,,
151.8594979539596,,,,
156.68095353536575,,,,
162.97263062728013,,,,
178.9905506310976,,,,
197.87604736391074,,,,
207.87685642115562,,,,
208.71691000971657,,,,
212.30968492661168,,,,
212.87894864962206,,,,
214.90696185444085,,,,
217.70374498139302,,,,
219.53446438317977,,,,
218.75856575676644,,,,
222.7465091567175,,,,
223.47452938448487,,,,
225.26117871062394,,,,
227.5676596779265,,,,
225.6861557363391,,,,
228.30181630856515,,,,
230.98314325872968,,,,
234.10004882932324,,,,
233.40246847482922,,,,
233.65859092714135,,,,
235.3287957059759,,,,
238.4245860080237,,,,
240.0523938973079,,,,
240.53387273339655,,,,
240.61044093386917,,,,
240.77065818429026,,,,
244.12066797894644,,,,
245.1738413888724,,,,
241.59293677848436,,,,
244.34103302166957,,,,
245.70733734211993,,,,
246.3486323302573,,,,
245.57965348329947,,,,
247.07742496598485,,,,
248.1849956082288,,,,
249.57281370897132,,,,
249.74272212533626,,,,
251.3263174840303,,,,
246.21677793338486,,,,
247.1413086054266,,,,
248.5468871233747,,,,
247.7930824477509,,,,
250.52124622364943,,,,
249.4019731023876,,,,
248.80981805280467,,,,
250.52055206408252,,,,
248.87212353892585,,,,
252.09613303563086,,,,
249.9384653420506,,,,
252.43157037172668,,,,
251.50867449640015,,,,
251.49753177123605,,,,
254.44251710951036,,,,
253.28365854593125,,,,
256.46173635063315,,,,
259.4609831763474,,,,
259.2173495076038,,,,
261.3031360627906,,,,
264.80537777597294,,,,
265.1566968029718,,,,
270.33980060302673,,,,
270.69300398429203,,,,
275.1243917695867,,,,
278.6209437195042,,,,
281.6924770399564,,,,
282.6254734514037,,,,
287.5180496283024,,,,
290.90841062987414,,,,
294.7419486669626,,,,
298.7566154855353,,,,
303.44979001549507,,,,
307.60953856448725,,,,
311.73074085560717,,,,
316.31984250403275,,,,
319.5429524345698,,,,
323.7963140408907,,,,
329.1234699819658,,,,
333.6877777155028,,,,
336.9488577762027,,,,
341.4457575722719,,,,
346.37235704194916,,,,
351.74281788541856,,,,
357.1558354290892,,,,
362.0654268199272,,,,
364.55882344383684,,,,
367.1827987300108,,,,
372.5914837743928,,,,
377.6961066502355,,,,
378.2791899697137,,,,
382.61154546278755,,,,
385.80022731989334,,,,
387.0010025952499,,,,
388.9857757258655,,,,
391.0334922524777,,,,
385.7781032706971,,,,
389.57795226543044,,,,
384.7866929847629,,,,
370.61960643085246,,,,
318.0353784194875,,,,
260.5053577435608,,,,
238.413272415307,,,,
229.31197727543721,,,,
226.8865474633199,,,,
220.83938189863204,,,,
213.83833671808284,,,,
210.91209942130482,,,,
207.11400096633426,,,,
200.12539390893636,,,,
194.36581862305835,,,,
191.8207185968095,,,,
187.8113105786201,,,,
185.03019469716924,,,,
183.53076784947922,,,,
179.67980721122396,,,,
178.42599463730164,,,,
173.40987861653403,,,,
172.29535512867966,,,,
169.4911780021811,,,,
166.995787182555,,,,
164.28744219246693,,,,
164.97651230624783,,,,
164.34734770917444,,,,
160.23013662018994,,,,
162.6729447948931,,,,
162.76851041584933,,,,
159.21736907835015,,,,
160.56797142900658,,,,
158.75877477595833,,,,
159.13204837322482,,,,
161.15870166520662,,,,
161.41422636628783,,,,
158.5797977397341,,,,
155.96984558781915,,,,
157.7948842529962,,,,
156.58404318829136,,,,
158.76832929415747,,,,
159.06579181129635,,,,
157.90935038817676,,,,
158.65656842015065,,,,
158.85278325426776,,,,
159.57014726356434,,,,
156.93324660870047,,,,
158.65862557421528,,,,
158.58158783946087,,,,
160.72952988762097,,,,
159.03237115108809,,,,
160.98996308553942,,,,
158.29655087948308,,,,
158.40656528751816,,,,
156.94329069707746,,,,
155.5604686269544,,,,
157.4080758154466,,,,
157.629059559972,,,,
155.58158188039988,,,,
157.08880123220732,,,,
157.50827234484925,,,,
155.54791780012923,,,,
154.54572496001217,,,,
156.57448952786237,,,,
154.34626383301858,,,,
153.489197443414,,,,
154.03215956124436,,,,
154.73453870353336,,,,
152.66097490561526,,,,
153.88334551801807,,,,
152.1993238633928,,,,
153.21983195288104,,,,
152.67457522247668,,,,
151.1209967501721,,,,
151.855456131798,,,,
149.09911695689453,,,,
151.348839115437,,,,
150.33948402813678,,,,
151.18905468669854,,,,
150.70046253701304,,,,
150.64665220497028,,,,
151.9030444528169,,,,
150.12811234965392,,,,
150.2032796076767,,,,
153.24661775757008,,,,
154.75496609613606,,,,
156.9741208933122,,,,
169.58180826186415,,,,
192.20227534240647,,,,
207.58367265609002,,,,
209.60500291976203,,,,
211.1926353297008,,,,
213.38201431725687,,,,
217.65126430998865,,,,
219.48924184484326,,,,
221.00275636091146,,,,
220.89155779630553,,,,
224.35204695365942,,,,
225.511428350861,,,,
226.0106583144545,,,,
227.61672180556795,,,,
229.5836898574858,,,,
230.62620652626796,,,,
237.99901284385422,,,,
239.9045752278198,,,,
236.08061643309787,,,,
235.66806782520024,,,,
236.37167193518815,,,,
237.83685516417287,,,,
235.6052357457636,,,,
243.08723599414222,,,,
242.01465975154585,,,,
243.55185995925757,,,,
242.88683830366452,,,,
246.4384656503941,,,,
245.20621706984508,,,,
247.54063831488165,,,,
248.16089826790068,,,,
246.58655538082945,,,,
247.73899562352526,,,,
247.88366284489382,,,,
250.09639667922448,,,,
252.4227308892061,,,,
251.64437842177264,,,,
249.3167217717228,,,,
251.0427230101578,,,,
250.48665477682908,,,,
251.1416207854712,,,,
250.72046452691507,,,,
250.2501498783513,,,,
250.27006839124203,,,,
250.2535982409448,,,,
249.50242080042787,,,,
249.90332589787653,,,,
250.80930346599234,,,,
252.80502485320113,,,,
250.5697351586451,,,,
252.0003983233337,,,,
251.1164676551845,,,,
253.08794305609283,,,,
255.2286173021781,,,,
254.79728762450353,,,,
255.46353411198345,,,,
257.738428873464,,,,
259.26101276234334,,,,
260.6144909902419,,,,
262.0281997809826,,,,
264.37741421862984,,,,
269.0666295550564,,,,
272.922139562638,,,,
274.91503486467883,,,,
277.1908203452421,,,,
281.5134354337044,,,,
285.54342148403754,,,,
286.8452146729531,,,,
291.13531204531677,,,,
293.92528946010924,,,,
298.4125980120306,,,,
304.54716185119344,,,,
309.0917860148982,,,,
311.5843960051501,,,,
317.92266004172836,,,,
321.7843092410746,,,,
325.8464346480068,,,,
330.1224844223742,,,,
336.01989689220613,,,,
340.8527117918193,,,,
346.67777063446334,,,,
350.9687915154799,,,,
352.3185244021218,,,,
357.4311778434253,,,,
361.67632294817304,,,,
364.8187342500403,,,,
369.8111343193213,,,,
372.20213780859444,,,,
378.05256058866763,,,,
380.52590779866466,,,,
382.8969958126023,,,,
384.53387062459393,,,,
386.9587666884005,,,,
388.57413564785384,,,,
386.51534458481456,,,,
387.3799903729811,,,,
385.7481512016443,,,,
379.8123542001019,,,,
369.2575410274672,,,,
323.7934071805398,,,,
261.63463018828276,,,,
238.96577242996662,,,,
230.2703191964609,,,,
225.95477282815932,,,,
218.71578599786892,,,,
214.5340962237481,,,,
210.59759560602745,,,,
203.7896628226184,,,,
200.8528819436332,,,,
195.17304646635557,,,,
192.28506196069372,,,,
187.96413514271876,,,,
185.98447003178816,,,,
180.9758635521097,,,,
178.60192348690845,,,,
174.72585636038517,,,,
174.26378863879597,,,,
173.55740822957566,,,,
168.61957293195678,,,,
171.55948258083248,,,,
167.40449005066432,,,,
166.65049497999436,,,,
163.97139059846072,,,,
165.68685957699685,,,,
164.34328220472275,,,,
161.58309026357935,,,,
160.17430765758135,,,,
159.3080042842692,,,,
159.08425094629587,,,,
158.30968224757868,,,,
157.77784808160428,,,,
158.19464639336002,,,,
159.23323256364716,,,,
159.34343339216358,,,,
155.6525927878644,,,,
157.10912385118405,,,,
159.2052830878306,,,,
158.09035120606362,,,,
157.0734127405746,,,,
158.3781210268257,,,,
158.8233373033225,,,,
157.44537824740917,,,,
159.85381583782197,,,,
158.43861071876498,,,,
159.1669982831947,,,,
159.35497800413876,,,,
157.24605237160384,,,,
159.1290528841969,,,,
159.20089863365484,,,,
158.76140034992082,,,,
159.67734069870812,,,,
156.79980160218864,,,,
156.9981252348718,,,,
158.2429122423571,,,,
156.8522261348243,,,,
155.90098152469307,,,,
157.1684776746607,,,,
158.3083280762407,,,,
157.5388252036348,,,,
157.8826484884218,,,,
155.430826621708,,,,
152.4830454668514,,,,
154.12128967759259,,,,
152.5195298390983,,,,
155.38437453311337,,,,
154.1941654404188,,,,
153.60511690946697,,,,
151.31641381729,,,,
150.27895343532106,,,,
152.08089953319345,,,,
149.61341169314937,,,,
151.95359408380207,,,,
151.53681171495828,,,,
149.11432961995524,,,,
148.7356069644732,,,,
150.10255660415865,,,,
150.9348789532633,,,,
148.59913408862442,,,,
149.9609897273865,,,,
150.85099559168842,,,,
149.66849218053952,,,,
150.1392828395254,,,,
153.81639122062498,,,,
160.4393356995579,,,,
174.1453815766114,,,,
196.12196952651928,,,,
206.17909062206382,,,,
207.86253125615087,,,,
210.28285561078326,,,,
211.4677158297534,,,,
217.6795692050674,,,,
219.41930824424395,,,,
218.1716384552353,,,,
220.67627035607813,,,,
222.9270415058019,,,,
225.14124752612116,,,,
225.16634913701324,,,,
226.11755633277787,,,,
227.40697803590695,,,,
226.66401676099576,,,,
228.36747833529552,,,,
233.05265096115605,,,,
231.90009032197727,,,,
233.9769555893983,,,,
237.65432843519108,,,,
236.77497656924322,,,,
239.73253379413077,,,,
240.2123556905682,,,,
241.7035298474649,,,,
238.72802850687117,,,,
242.1018151171885,,,,
244.78415247737755,,,,
245.73841220709303,,,,
244.740446359271,,,,
247.85433510905568,,,,
248.21567449391964,,,,
249.77471816682706,,,,
248.77911994865812,,,,
249.78214573433831,,,,
248.37679718827053,,,,
248.78518015730248,,,,
246.72890885423962,,,,
249.3097292458657,,,,
247.55878394171907,,,,
248.8463685405737,,,,
249.89935237994956,,,,
250.89927784652508,,,,
250.1649257730022,,,,
249.28735291287134,,,,
250.44892258773365,,,,
252.0492918456986,,,,
248.6892157994059,,,,
250.88723357532308,,,,
250.03370298467857,,,,
252.5724721207828,,,,
250.96188523204037,,,,
253.112894448123,,,,
252.42630172048283,,,,
253.1964056587067,,,,
255.48993837894943,,,,
258.8289997541415,,,,
260.1060136902355,,,,
261.96176374647035,,,,
260.97419084576046,,,,
265.44067229250385,,,,
268.57533539564486,,,,
271.1632131073851,,,,
274.88008654640237,,,,
276.094489066059,,,,
279.5004201850701,,,,
284.49270567032556,,,,
287.0036155464804,,,,
291.5864206833292,,,,
291.9900359662764,,,,
298.44519719416365,,,,
303.26284259180204,,,,
306.54508772348487,,,,
310.3148794031181,,,,
314.2529578968933,,,,
320.0342546268039,,,,
323.31065600030496,,,,
329.5990987420794,,,,
335.29685343750566,,,,
336.83982364499616,,,,
340.7634987669292,,,,
344.363058372836,,,,
350.1478480322491,,,,
356.1072540101116,,,,
358.9516241776299,,,,
361.09244766506555,,,,
364.3860176547655,,,,
369.921631945347,,,,
372.3545669204222,,,,
376.88337685614397,,,,
380.8117826782328,,,,
384.20433691630967,,,,
383.79841274549204,,,,
385.8684459055874,,,,
386.5969486683313,,,,
384.1538003040717,,,,
387.0175963453984,,,,
382.8005251921178,,,,
375.7571274127675,,,,
344.3445680035599,,,,
279.42512394522214,,,,
242.83160734177832,,,,
232.06970733636197,,,,
224.06505330356137,,,,
223.38674697167988,,,,
217.74631162681212,,,,
211.52773744294038,,,,
203.1661481320361,,,,
201.3966221313725,,,,
197.67422797460586,,,,
190.39158101675775,,,,
187.66837429297192,,,,
184.1054667699327,,,,
178.94547791289332,,,,
179.45921100516804,,,,
176.7517076502668,,,,
175.0537045217269,,,,
173.01132756865005,,,,
169.9006433040451,,,,
168.78073303214256,,,,
165.68392042548487,,,,
165.03150921672142,,,,
165.01602075080856,,,,
164.714258583288,,,,
162.85710851953758,,,,
161.96565528578927,,,,
161.06272004874262,,,,
160.9875426742804,,,,
161.03267092656046,,,,
159.02519201667027,,,,
158.09937734266214,,,,
159.99525285659928,,,,
158.81595020670653,,,,
158.31183903516688,,,,
159.2096466665901,,,,
157.9101188783795,,,,
158.44666250697077,,,,
159.02583114209398,,,,
157.5202019185669,,,,
158.74441875272382,,,,
157.24596660488245,,,,
155.38090429717963,,,,
160.58348266996177,,,,
159.83158590105944,,,,
157.21280828031817,,,,
157.15572761947425,,,,
155.31245438803637,,,,
156.9164638501932,,,,
156.9451076242729,,,,
160.26384540116075,,,,
159.8652842099518,,,,
157.05990022096742,,,,
158.37408548095738,,,,
156.70166061865885,,,,
156.949597173864,,,,
159.0611189704417,,,,
156.2875136989362,,,,
157.29229634936905,,,,
155.5697210841464,,,,
157.40601387950332,,,,
155.3674168306892,,,,
154.30483754345818,,,,
155.95823498613063,,,,
155.1704672692394,,,,
156.21793952944242,,,,
155.16966199502488,,,,
154.35529084300654,,,,
153.27726892059476,,,,
154.18216858966602,,,,
151.70902747116975,,,,
151.78569791041215,,,,
151.7846957986017,,,,
149.94795697019802,,,,
150.9546910630893,,,,
151.80045133354804,,,,
151.07352869227046,,,,
150.0093172219518,,,,
149.40029407354987,,,,
151.51624805302316,,,,
150.48706586361362,,,,
151.61028480126933,,,,
151.31380538328264,,,,
153.98443698969757,,,,
157.26410983844633,,,,
169.58434815328815,,,,
188.97225228369038,,,,
205.31045196279757,,,,
205.21152284764509,,,,
207.72621569319764,,,,
211.7284066295736,,,,
213.26831563774024,,,,
217.85403555076405,,,,
218.98638462919482,,,,
220.52364808656532,,,,
221.47233757875563,,,,
222.64324762358106,,,,
223.04528476622133,,,,
226.25723459776634,,,,
228.59365211992028,,,,
228.09965137548372,,,,
230.5843407600844,,,,
232.7722970713782,,,,
230.83767155576442,,,,
232.31135824546433,,,,
232.6227580978255,,,,
237.0196287169985,,,,
235.89250515492796,,,,
239.7051262791061,,,,
240.96185479428382,,,,
243.18031074483775,,,,
242.3663600562639,,,,
244.46775557359464,,,,
244.9448525633275,,,,
244.91905030796966,,,,
242.6086464120973,,,,
245.32533259855492,,,,
247.10524708356536,,,,
248.1387176808365,,,,
247.05095040556913,,,,
245.8477508010456,,,,
249.95176427494994,,,,
251.7309508124199,,,,
249.45168552048366,,,,
246.06246609859906,,,,
247.87085229082578,,,,
251.14159282740013,,,,
252.407324710983,,,,
249.34394010272771,,,,
247.93687927380628,,,,
249.80751522500083,,,,
251.92558964132658,,,,
249.80284120017947,,,,
250.7887809587191,,,,
250.80824719719064,,,,
253.09326851832503,,,,
250.56399062523928,,,,
251.69701202053787,,,,
253.29212535803242,,,,
254.61283045736852,,,,
251.90967545837034,,,,
253.32710862248607,,,,
257.6840694647269,,,,
260.93284036648174,,,,
265.28890494004645,,,,
264.8619575695606,,,,
266.67918337579283,,,,
270.277843300892,,,,
272.408011041423,,,,
274.6606645695556,,,,
282.00495258103837,,,,
282.7471363356277,,,,
287.2875951901091,,,,
288.8527289914366,,,,
293.66157857972047,,,,
297.18123277992385,,,,
299.89355666098004,,,,
304.44616338511395,,,,
309.42733463622915,,,,
312.7642178384163,,,,
318.017863349883,,,,
322.63579593305616,,,,
326.89304884959586,,,,
332.36804190191214,,,,
336.59408712517086,,,,
341.3542772413251,,,,
345.05624342203924,,,,
350.23517988177844,,,,
355.2068083390026,,,,
361.0212671497713,,,,
364.3880819498477,,,,
366.56812975184164,,,,
370.3526845032311,,,,
372.4018030933659,,,,
377.93915660897716,,,,
379.19532929770764,,,,
381.4765742549771,,,,
385.36269644614384,,,,
384.02405844483786,,,,
386.05632445862284,,,,
389.3453311101343,,,,
386.80686456360354,,,,
384.6153427316784,,,,
375.8471739285426,,,,
356.9623654748089,,,,
296.58216072262513,,,,
248.66143932117362,,,,
231.80748929577635,,,,
227.72178642484587,,,,
224.57978888017513,,,,
217.69124514431485,,,,
210.53097107009262,,,,
207.91936143088026,,,,
202.85282573666132,,,,
197.5842996829519,,,,
192.0271108324105,,,,
190.57104704050107,,,,
185.7209564790159,,,,
182.30380101799062,,,,
179.19148976158058,,,,
178.46803601213009,,,,
174.87264651617156,,,,
175.45205524744802,,,,
171.53327985516023,,,,
169.95135655563914,,,,
168.37876570566942,,,,
165.9852641730733,,,,
164.7876998097994,,,,
162.69866674022006,,,,
162.85794220608418,,,,
162.67639984412764,,,,
160.3741511364399,,,,
158.53239033351042,,,,
158.98802321255454,,,,
158.2808182705669,,,,
158.09915886703794,,,,
158.79785220412452,,,,
158.27123386763213,,,,
159.60775961806266,,,,
157.66935080703345,,,,
157.10145190712694,,,,
157.80075210479993,,,,
158.18361699305697,,,,
158.96589390467247,,,,
159.27481595032165,,,,
160.35166518226748,,,,
160.77558970215668,,,,
159.05810102831595,,,,
160.8756694153914,,,,
158.7972611512813,,,,
158.6586498717932,,,,
157.81751849890327,,,,
158.85570070407624,,,,
156.94605344705772,,,,
157.55355963987603,,,,
157.96995647164272,,,,
160.01781733577073,,,,
157.7855650506511,,,,
158.3641720172857,,,,
159.8467868138715,,,,
157.34951335650874,,,,
157.46633274491327,,,,
155.90241277834593,,,,
156.09799095128767,,,,
154.8505305807794,,,,
154.02107684173524,,,,
154.67344635269802,,,,
157.00057861852446,,,,
154.0597834549324,,,,
152.84036683718946,,,,
152.61431446731586,,,,
152.1835103687062,,,,
151.882736508337,,,,
153.1534068602637,,,,
152.9026965102968,,,,
151.54463094373608,,,,
150.3841656233285,,,,
150.60746407546011,,,,
151.46204613177312,,,,
149.34407294986372,,,,
149.3344150609318,,,,
149.3552052228295,,,,
150.37508680550087,,,,
148.4082926508,,,,
149.83738568555418,,,,
149.46637078499427,,,,
149.13469105032155,,,,
154.06032763328486,,,,
156.41009184645264,,,,
163.56849958200533,,,,
182.68313575753308,,,,
199.94677226386838,,,,
206.86102180037184,,,,
205.25720386741682,,,,
215.66026171820474,,,,
